{"index": [1, 3, 4, 2, 5, 0, 6, 7, 8, 9, 11, 10, 12, 13, 14, 15, 16, 17, 19, 18, 20, 21, 23, 22, 24, 25, 26, 27, 29, 28, 30, 31, 32, 34, 33, 35, 36, 37, 38, 40, 39, 41, 42, 43, 44, 45, 46, 47, 48, 49], "M1": [-270.6402698715661, -104.687737409465, -130.12455431358237, -290.5182736807169, -167.39617323646533, -236.87003500261662, -203.89243541319084, -246.32764528221762, -274.96465665679784, -294.65089470601447, -135.88975626803682, -103.15036612245525, -172.68548590978898, -208.74043204316834, -237.2598310261695, -269.03031110269876, -291.8129000607166, -109.99003688120152, -137.78180597268002, -99.9819593675553, -172.25841126093349, -206.2008922637962, -268.1760612583205, -238.4340372960157, -289.7162024976863, -384.14030289397994, -93.02348097397437, -130.62137376619395, -197.63602613003894, -161.83215077063028, -229.2761069594409, -257.99798551102384, -277.2521084488533, -85.04571559010724, -335.88497284568933, -119.18816058224633, -137.41204086645746, -175.60985309628364, -207.0656153509783, -251.0835168480588, -236.41010255729321, -295.24970143990373, -66.52319091734884, -90.93293393048667, -107.06058323467516, -143.24294714529816, -176.0480288223875, -204.19539632965564, -231.62430496310463, -70.43593757409577], "M2": [270.49185925352316, 100.066675881779, 124.18076841901518, 304.11919726205497, 159.71228835203198, 229.34453465174056, 195.1220523946787, 241.75994336072168, 278.16160203284716, 322.51848761778024, 130.7576386413658, 100.63312329662638, 166.2907400738053, 202.0073129465074, 234.64648355219407, 272.86198363161395, 308.3913666768995, 338.4756070916915, 135.46219636653166, 100.20963709413611, 169.80799168909786, 204.35668805918323, 278.5820613741909, 241.63429710820841, 315.1977986691452, 349.4219422859976, 100.2265774361053, 134.95693169220962, 204.82946124422844, 169.15625128545244, 241.96805907072056, 279.97282313283705, 315.2075906914493, 100.24737076384885, 349.74625260417594, 136.3642624574671, 166.22659691568714, 201.61020733500277, 238.04167805773417, 314.81704160504523, 275.20091254815947, 332.901810991613, 100.25393698644491, 128.18817119832934, 167.3504100747967, 202.87885609663945, 238.39790013888057, 273.83701028564553, 307.0638411753141, 132.66078312383436], "~chi_10": [-257.335299, -101.755007, -126.328571, -271.048775, -162.170855, -227.692496, -196.921664, -236.237879, -260.672924, -270.71364, -131.889326, -100.265972, -167.223626, -201.467158, -227.926873, -255.74125, -271.382696, -105.457594, -133.701677, -97.1988604, -166.787133, -199.008589, -254.6049, -228.842422, -268.57998, 264.766783, -90.4608959, -126.783281, -190.813835, -156.750976, -220.219077, -245.366969, -258.798898, -82.7346925, 264.724966, -115.725281, -133.220608, -169.743372, -199.292115, -236.779842, -225.832611, -268.550362, -64.791927, -88.4053658, -103.906668, -138.624397, -169.741218, -195.793705, -219.968136, -68.5560233], "~chi_20": [258.931876, 104.278262, 128.894105, 271.908641, 164.361088, 228.798833, 198.299257, 238.917007, 263.125978, 272.222026, 135.557764, 104.85988, 170.791921, 204.661656, 233.201595, 260.298131, 272.427534, 269.464416, 140.283376, 104.425466, 174.206077, 206.81192, 263.342592, 238.821142, 272.680273, -287.413929, 104.443685, 139.777675, 207.245029, 173.576089, 239.087537, 264.035033, 272.700521, 104.465981, -279.245603, 141.189462, 170.734928, 204.304441, 235.971668, 272.750831, 261.612417, 270.40301, 104.475167, 132.962432, 171.833104, 205.476459, 236.271932, 260.895525, 272.388271, 137.482496], "gm2": [2.743497e-09, 2.7489e-09, 2.750652e-09, 2.730873e-09, 2.742175e-09, 2.73831e-09, 2.739728e-09, 2.737665e-09, 2.734627e-09, 2.7269e-09, 2.7445e-09, 2.751785e-09, 2.741615e-09, 2.739651e-09, 2.738592e-09, 2.758878e-09, 2.730028e-09, 2.704384e-09, 2.746935e-09, 2.754288e-09, 2.742338e-09, 2.739127e-09, 2.733006e-09, 2.736144e-09, 2.727957e-09, 2.737633e-09, 2.762603e-09, 2.750366e-09, 2.738475e-09, 2.74392e-09, 2.734472e-09, 2.730529e-09, 2.725393e-09, 2.773376e-09, 2.727514e-09, 2.758927e-09, 2.751265e-09, 2.739151e-09, 2.73247e-09, 2.720624e-09, 2.727687e-09, 2.75461e-09, 2.803929e-09, 2.784629e-09, 2.771109e-09, 2.745523e-09, 2.731811e-09, 2.75505e-09, 2.719213e-09, 2.813922e-09], "omega_dm": [0.0057394, 0.0016617, 0.0020697, 0.0070141, 0.0025852, 0.003688, 0.0029024, 0.0054407, 0.0070185, 0.0088111, 0.003089, 0.0038902, 0.0038337, 0.0044956, 0.008053, 0.0091694, 0.0074854, 3.1994, 0.007691, 0.012053, 0.0097866, 0.011262, 0.01713, 0.01807, 0.011667, 0.0053374, 0.22686, 0.059166, 0.062809, 0.101, 0.076316, 0.06449, 0.035657, 3.6098, 0.0054372, 1.6192, 2.4598, 1.1557, 0.5943, 0.18939, 0.32362, 0.0095888, 6.8006, 4.6105, 3.6941, 2.5661, 1.8214, 0.68205, 0.33457, 6.4052], "dd_pval": [8e-05, 0.5, 0.5, 0.0, 0.5, 0.09045, 0.46032, 0.02893, 1e-05, 0.0, 0.5, 0.5, 0.5, 0.39159, 0.07059, 7e-05, 0.0, 0.16512, 0.5, 0.5, 0.5, 0.39485, 3e-05, 0.04692, 0.0, 0.0, 0.5, 0.5, 0.44719, 0.5, 0.0741, 0.00014, 0.0, 0.5, 0.0, 0.5, 0.5, 0.5, 0.19775, 0.0, 0.00468, 0.0, 0.47746, 0.5, 0.5, 0.5, 0.39415, 0.05829, 0.00017, 0.49735], "cx": [NaN, NaN, NaN, NaN, NaN, NaN, NaN, NaN, NaN, NaN, NaN, NaN, NaN, NaN, NaN, NaN, NaN, NaN, NaN, NaN, NaN, NaN, NaN, NaN, NaN, NaN, NaN, NaN, NaN, NaN, NaN, NaN, NaN, NaN, NaN, NaN, NaN, NaN, NaN, NaN, NaN, NaN, NaN, NaN, NaN, NaN, NaN, NaN, NaN, NaN], "r": [0.557120221633, 0.968070445545, 0.714069166955, 0.412083414917, 1.01971548253, 0.874520690121, 0.987516917485, 0.749951383728, 0.467710922688, 0.445738947615, 0.52000543223, 1.43027728306, 1.01793466905, 0.953203409505, 0.760305220386, 0.519899100448, 0.436002270895, 1.52442723877, 0.504467100154, 5.97457793191, 0.797206117693, 0.780252921496, 0.396614898242, 0.610270517471, 0.427878573946, 0.4495291074, 3.41030428308, 1.182336906, 0.799676288393, 0.67029541525, 0.620074529571, 0.366745872927, 0.331754182386, 1.57780528042, 0.394625361088, 0.845929862407, 0.330229934191, 0.607005044163, 0.546980853948, 0.316006363304, 0.43684380587, 0.456581994165, 1.24363187111, 0.753009933337, 0.570881848071, 0.370365172606, 0.500667666168, 0.350482271634, 0.337786947764, 1.82446173806], "analysis": ["atlas_1908_08215\n", "atlas_conf_2020_048\n", "atlas_conf_2020_048\n", "atlas_1908_08215\n", "atlas_1908_08215\n", "atlas_1908_08215\n", "atlas_1908_08215\n", "atlas_1908_08215\n", "atlas_1908_08215\n", "atlas_1908_08215\n", "atlas_conf_2020_048\n", "atlas_1911_12606\n", "atlas_1908_08215\n", "atlas_1908_08215\n", "atlas_1908_08215\n", "atlas_1908_08215\n", "atlas_1908_08215\n", "atlas_conf_2016_096\n", "atlas_1911_12606\n", "atlas_1911_12606\n", "atlas_1908_08215\n", "atlas_1908_08215\n", "atlas_1908_08215\n", "atlas_1908_08215\n", "atlas_1908_08215\n", "atlas_1908_08215\n", "atlas_1911_12606\n", "atlas_1911_12606\n", "atlas_1908_08215\n", "atlas_1911_12606\n", "atlas_1908_08215\n", "atlas_1908_08215\n", "atlas_1908_08215\n", "atlas_1911_12606\n", "atlas_1908_08215\n", "atlas_1911_12606\n", "atlas_1911_12606\n", "atlas_1908_08215\n", "atlas_1908_08215\n", "atlas_1908_08215\n", "atlas_1908_08215\n", "atlas_1908_08215\n", "atlas_conf_2016_096\n", "atlas_1911_12606\n", "atlas_conf_2016_096\n", "atlas_1803_02762\n", "atlas_1908_08215\n", "atlas_1908_08215\n", "atlas_1908_08215\n", "atlas_conf_2016_096\n"], "tanB": 30, "m_sleptons": 400, "sign_M1": -1.0,