{"index": [1, 0, 2, 3, 5, 4, 6, 7, 8, 9, 10, 11, 12, 13, 14, 15, 16, 17, 18, 19, 20, 21, 22, 23, 24, 25, 26, 27, 28, 29, 30, 31, 32, 33, 34, 35, 36, 37, 38, 39, 40, 41, 42, 43, 44, 45, 46, 47, 48, 49, 50, 51, 52, 53, 54, 55, 56, 57, 58, 59, 60, 61, 62, 63, 64, 65, 66, 67, 68, 69, 70, 71, 72, 73, 74, 75, 76, 77, 78, 79, 80, 81, 82, 83, 84, 85, 86, 87, 88, 89, 90, 91], "M1": [-104.74287453877143, -105.21429294855825, -104.04922081189869, -103.02856594816089, -99.31696418499389, -101.52675559161865, -96.06543642749752, -91.28107862518449, -84.24128647585394, -73.88280670625628, -58.641148875865944, -36.214292948558224, -138.19005480548833, -137.7186363957015, -137.02498266882876, -136.00432780509098, -134.50251744854873, -132.29272604192397, -129.0411982844276, -124.25684048211457, -117.21704833278402, -106.85856856318634, -91.61691073279601, -69.1900548054883, -170.51242103785222, -169.983060767207, -169.1734782004242, -167.9353347869796, -166.04176744109637, -163.14582077251146, -158.71687499167032, -151.94342127361008, -141.5843702621546, -125.74164920364746, -101.51242103785219, -201.96073015633144, -201.43136988568622, -200.62178731890342, -199.38364390545883, -197.49007655957558, -194.59412989099067, -190.16518411014954, -183.3917303920893, -173.03267938063382, -157.18995832212667, -132.9607301563314, -232.01115360465707, -231.53973519487025, -230.8460814679975, -229.82542660425972, -228.32361624771747, -226.1138248410927, -222.86229708359633, -218.0779392812833, -211.03814713195277, -200.67966736235508, -185.43800953196475, -163.01115360465704, -259.4301423536386, -258.9587239438518, -258.26507021697904, -257.2444153532412, -255.742604996699, -253.53281359007423, -250.28128583257785, -245.49692803026483, -238.4571358809343, -228.0986561113366, -212.85699828094627, -190.43014235363856, -282.2654509449004, -281.7940325351136, -281.10037880824086, -280.07972394450303, -278.5779135879608, -276.36812218133605, -273.1165944238397, -268.33223662152665, -261.2924444721961, -250.93396470259842, -235.6923068722081, -213.26545094490038, -302.24913488695415, -298.7676714573108, -292.86938977975103, -282.8765441127203, -265.94670420612437, -237.26423588695414, -340.22139073086186, -330.0730481694722, -313.3992174143283, -286.0039427308618], "M2": [100.0, 100.0, 100.0, 100.0, 100.0, 100.0, 100.0, 100.0, 100.0, 100.0, 100.0, 100.0, 131.25, 131.25, 131.25, 131.25, 131.25, 131.25, 131.25, 131.25, 131.25, 131.25, 131.25, 131.25, 162.5, 162.5, 162.5, 162.5, 162.5, 162.5, 162.5, 162.5, 162.5, 162.5, 162.5, 193.75, 193.75, 193.75, 193.75, 193.75, 193.75, 193.75, 193.75, 193.75, 193.75, 193.75, 225.0, 225.0, 225.0, 225.0, 225.0, 225.0, 225.0, 225.0, 225.0, 225.0, 225.0, 225.0, 256.25, 256.25, 256.25, 256.25, 256.25, 256.25, 256.25, 256.25, 256.25, 256.25, 256.25, 256.25, 287.5, 287.5, 287.5, 287.5, 287.5, 287.5, 287.5, 287.5, 287.5, 287.5, 287.5, 287.5, 318.75, 318.75, 318.75, 318.75, 318.75, 318.75, 350.0, 350.0, 350.0, 350.0], "~chi_10": [-101.808534, -102.2649, -101.136946, -100.148857, -96.5552376, -96.5552376, -93.4068424, -88.7737975, -81.9558022, -71.9220381, -57.1552755, -35.4229407, -134.111549, -133.655869, -132.985526, -131.999014, -130.547441, -128.411384, -125.268046, -120.642089, -113.833969, -103.813592, -89.0638829, -67.3516629, -165.157295, -164.647441, -163.867548, -162.674694, -160.850332, -158.059607, -153.790647, -147.259411, -137.265855, -121.971524, -98.5611555, -195.089399, -194.582608, -193.807364, -192.621543, -190.807761, -188.032814, -183.78708, -177.28938, -167.342874, -152.111947, -128.78167, -223.202608, -222.75649, -222.100114, -221.133951, -219.711876, -217.618292, -214.535504, -209.994636, -203.30367, -193.439995, -178.891609, -157.42417, -247.869445, -247.435246, -246.796099, -245.854921, -244.468837, -242.426593, -239.416015, -234.974691, -228.4171, -218.725238, -204.386762, -183.158597, -266.231719, -265.827119, -265.231095, -264.352208, -263.055306, -261.139153, -258.303637, -254.099126, -247.850339, -238.54132, -224.646611, -203.890877, 272.510769, 272.516457, -270.237228, -262.706225, -249.067803, -224.308419, 264.610686, 264.631833, 264.668058, -257.822893], "~chi_20": [104.209773, 104.209725, 104.209844, 104.209949, 104.210339, 104.210339, 104.210691, 104.21123, 104.212071, 104.213423, 104.215709, 104.219933, 136.05557, 136.05562, 136.055695, 136.055805, 136.055968, 136.056211, 136.056576, 136.057127, 136.057975, 136.059305, 136.061469, 136.065201, 167.097659, 167.097729, 167.097835, 167.098001, 167.098254, 167.098647, 167.099261, 167.10023, 167.101788, 167.104368, 167.108859, 197.020941, 197.021038, 197.021186, 197.021414, 197.021766, 197.02231, 197.023155, 197.024485, 197.026603, 197.030063, 197.03595, 225.114117, 225.114251, 225.114449, 225.114741, 225.115173, 225.115814, 225.116768, 225.118193, 225.120345, 225.12363, 225.128743, 225.136942, 249.728942, 249.729178, 249.729526, 249.730038, 249.730797, 249.73192, 249.73359, 249.736084, 249.739839, 249.74555, 249.754391, 249.768439, 267.298261, 267.298708, 267.299368, 267.300341, 267.30178, 267.303911, 267.307076, 267.3118, 267.318899, 267.32968, 267.346308, 267.372598, -276.849165, -274.452444, 272.52625, 272.5433, 272.573584, 272.629323, -280.158822, -277.50462, -271.75716, 264.732259], "gm2": [2.748689e-09, 2.748205e-09, 2.749409e-09, 2.750483e-09, 2.754559e-09, 2.754559e-09, 2.758349e-09, 2.764315e-09, 2.773976e-09, 2.790233e-09, 2.818985e-09, 2.872884e-09, 2.743005e-09, 2.743237e-09, 2.743582e-09, 2.744101e-09, 2.744889e-09, 2.746102e-09, 2.748005e-09, 2.751071e-09, 2.756189e-09, 2.765145e-09, 2.781769e-09, 2.814928e-09, 2.740793e-09, 2.740866e-09, 2.740983e-09, 2.741173e-09, 2.741486e-09, 2.742024e-09, 2.742989e-09, 2.744813e-09, 2.748493e-09, 2.756483e-09, 2.775353e-09, 2.739622e-09, 2.739586e-09, 2.739534e-09, 2.73946e-09, 2.739362e-09, 2.739248e-09, 2.739162e-09, 2.739248e-09, 2.739937e-09, 2.742483e-09, 2.750651e-09, 2.738385e-09, 2.738302e-09, 2.738181e-09, 2.738005e-09, 2.737752e-09, 2.737393e-09, 2.736892e-09, 2.73622e-09, 2.73538e-09, 2.7345e-09, 2.734096e-09, 2.735873e-09, 2.740083e-09, 2.739981e-09, 2.739831e-09, 2.739613e-09, 2.739294e-09, 2.738833e-09, 2.738172e-09, 2.737236e-09, 2.735949e-09, 2.734271e-09, 2.732347e-09, 2.730991e-09, 2.734148e-09, 2.734041e-09, 2.733884e-09, 2.733653e-09, 2.733315e-09, 2.732823e-09, 2.732109e-09, 2.731081e-09, 2.729623e-09, 2.72761e-09, 2.724991e-09, 2.722081e-09, 2.729855e-09, 2.729107e-09, 2.727858e-09, 2.725798e-09, 2.722514e-09, 2.717765e-09, 2.728026e-09, 2.725995e-09, 2.722717e-09, 2.717577e-09], "omega_dm": [0.0015808, 0.0013138, 0.0020766, 0.0031178, 0.014589, 0.014589, 0.058664, 0.41225, 3.7964, 6.0748, 4.353, 6.1445, 0.0018207, 0.0020974, 0.0025782, 0.0034931, 0.005491, 0.010866, 0.03051, 0.13876, 0.95329, 3.5101, 4.5657, 6.5206, 0.002488, 0.0028311, 0.0034383, 0.004617, 0.0072661, 0.014769, 0.044953, 0.23615, 1.5414, 2.9656, 3.9667, 0.0032433, 0.0036174, 0.0042589, 0.0054447, 0.0079141, 0.014117, 0.034844, 0.13658, 0.7919, 2.2146, 2.793, 0.0041636, 0.0045285, 0.0051087, 0.0060773, 0.0078171, 0.011307, 0.01955, 0.044037, 0.13853, 0.50192, 1.1628, 2.2301, 0.0053053, 0.0057046, 0.0063299, 0.0073492, 0.0091154, 0.012471, 0.019766, 0.038884, 0.10069, 0.30101, 0.63409, 0.96017, 0.0061769, 0.0065811, 0.0071995, 0.0081763, 0.0097996, 0.012713, 0.018551, 0.032142, 0.069555, 0.17439, 0.3571, 0.53628, 0.0049552, 0.0056025, 0.0095246, 0.022873, 0.086876, 0.26101, 0.005424, 0.0054865, 0.0057963, 0.01623],