{"index": [0, 1, 2, 3, 4, 5, 6, 7, 8, 9, 10, 11, 12, 13, 14, 15, 16, 17, 18, 19, 20, 21, 22, 23, 24, 25, 26, 27, 28, 29, 30, 31, 33, 34, 35, 36, 37, 40, 38, 39, 41, 42, 43, 44, 45, 46, 47, 48, 49], "M1": [108.84700310441968, 140.92071493802206, 175.6064894344898, 107.45673807953779, 138.89199448611924, 182.82348418441072, 211.04879425515927, 244.48512466096733, 105.08475348779693, 138.26408918564974, 172.8739207187673, 220.20668189054, 257.37332174223485, 102.4758546684743, 137.6261647140068, 170.41416646059932, 205.44136433303254, 238.12431746035978, 273.22752109050714, 96.38530288032302, 131.03252015752898, 161.67076802471172, 198.4227929463537, 230.13966217773657, 265.61610843055985, 294.9532938553346, 89.96310172457346, 122.23885313640169, 157.11792939974018, 196.2414337597152, 234.8910313022174, 271.7790215317361, 80.14315613314454, 96.90419510830962, 131.7212455724608, 171.06073280283871, 208.55427678094037, 320.67758760538567, 244.04703161224404, 281.7642977977158, 59.41005303655946, 70.3131977813828, 96.09847905374097, 134.00937763275164, 172.33826334188967, 199.8818820011302, 238.0922346536123, 261.945356614814, 297.7510124116529], "M2": [100.07402606721651, 129.65061564092088, 162.4554812417116, 100.25899386847287, 128.55560562879145, 170.2915557258307, 195.79911006176275, 226.5653786201226, 100.29968279003761, 129.4323353853629, 162.7404493647496, 205.92730242800454, 240.10973954743838, 100.29976712688634, 131.73124070214058, 164.10184720765236, 194.95056471411874, 226.2963409263358, 257.36548761401406, 100.29753560744855, 130.716092148256, 162.5009177728549, 194.23465459693045, 225.94869000317547, 256.2413919638147, 282.8350056300595, 100.2944527632488, 133.14722445505754, 168.67024377868867, 203.03143204340412, 240.17674301183354, 273.6725326613361, 100.29176146920575, 126.33889840279187, 161.26308041490685, 196.90104535511858, 229.9454507957218, 324.953069830638, 264.6799031678378, 299.39664473091227, 100.28809451805178, 127.68564907789077, 151.3100200713212, 185.93009520132546, 221.99553313404974, 246.2676994325103, 281.26607628417736, 305.83402072813095, 348.79754345845834], "~chi_10": [105.576206, 136.63742, 170.304066, 104.342769, 134.790928, 177.433776, 204.64078, 236.683435, 102.085777, 134.274332, 167.88134, 213.689966, 248.464383, 99.5666272, 133.714116, 165.562686, 199.518527, 231.157249, 261.248074, 93.6545066, 127.335606, 157.104488, 192.781343, 223.527858, 255.467918, 279.37138, 87.4079384, 118.795793, 152.694248, 190.694934, 227.765935, 260.948222, 77.8495114, 94.1506511, 128.006181, 166.247818, 202.565286, 294.257554, 235.38759, 268.538583, 57.6591898, 68.2612841, 93.351289, 130.228007, 167.486395, 193.728401, 229.10379, 250.156427, 273.366478], "~chi_20": [107.191606, 138.393222, 172.639347, 107.266372, 137.121224, 180.672907, 207.320741, 239.31355, 107.25674, 137.943191, 172.701868, 217.621581, 252.476336, 107.235619, 140.285171, 174.045649, 206.120217, 238.416072, 268.565871, 107.21441, 139.186221, 172.33645, 205.299664, 237.969142, 266.039402, 291.769553, 107.203594, 141.709638, 178.73537, 214.355005, 251.477287, 281.216304, 107.195345, 134.573648, 171.017258, 207.998177, 241.774038, 323.167897, 272.730885, 301.457775, 107.186887, 135.978928, 160.655942, 196.632262, 233.874376, 256.843287, 286.602178, 304.834658, 321.616606], "gm2": [3.182945e-09, 3.167271e-09, 3.043488e-09, 3.176752e-09, 3.169017e-09, 3.007161e-09, 2.871322e-09, 2.691294e-09, 3.166325e-09, 3.165119e-09, 3.044405e-09, 2.817614e-09, 2.626485e-09, 3.154163e-09, 3.156022e-09, 3.040794e-09, 2.883918e-09, 2.706232e-09, 2.690225e-09, 3.122333e-09, 3.149866e-09, 3.050325e-09, 2.897456e-09, 2.724595e-09, 2.70047e-09, 2.703873e-09, 3.083162e-09, 3.122631e-09, 3.027304e-09, 2.868226e-09, 2.666582e-09, 2.710739e-09, 3.010922e-09, 3.049525e-09, 3.036046e-09, 2.916873e-09, 2.740811e-09, 2.745999e-09, 2.734504e-09, 2.755247e-09, 2.800684e-09, 2.85039e-09, 2.957044e-09, 2.946197e-09, 2.825301e-09, 2.72217e-09, 2.766799e-09, 2.793038e-09, 2.795498e-09], "omega_dm": [0.00097098, 0.0013793, 0.0023003, 0.0017905, 0.0017637, 0.0032331, 0.003211, 0.0035473, 0.0045911, 0.0028356, 0.0047249, 0.0047456, 0.0044883, 0.013284, 0.0072075, 0.011954, 0.0080322, 0.0099826, 0.0054921, 0.16054, 0.039907, 0.068103, 0.02803, 0.03662, 0.013365, 0.010469, 1.1796, 0.75869, 0.6051, 0.24325, 0.16176, 0.05643, 2.2071, 1.7681, 1.3462, 1.1647, 0.94158, 0.028772, 0.52813, 0.13772, 2.0345, 2.6298, 1.7853, 1.3309, 1.1841, 1.1074, 0.77533, 0.40985, 0.057825], "dd_pval": [0.07252, 0.02613, 0.03185, 0.31945, 0.1161, 0.11743, 0.02266, 0.00117, 0.5, 0.3018, 0.29264, 0.11195, 0.0, 0.5, 0.48113, 0.46562, 0.33434, 0.26508, 0.0, 0.5, 0.5, 0.5, 0.5, 0.46609, 0.0, 0.0, 0.5, 0.5, 0.5, 0.5, 0.22927, 0.0, 0.5, 0.5, 0.5, 0.5, 0.5, 0.0, 0.00124, 0.0, 0.5, 0.5, 0.5, 0.5, 0.5, 0.23486, 8e-05, 0.0, 0.0], "cx": [NaN, NaN, NaN, NaN, NaN, NaN, NaN, NaN, NaN, NaN, NaN, NaN, NaN, NaN, NaN, NaN, NaN, NaN, NaN, NaN, NaN, NaN, NaN, NaN, NaN, NaN, NaN, NaN, NaN, NaN, NaN, NaN, NaN, NaN, NaN, NaN, NaN, NaN, NaN, NaN, NaN, NaN, NaN, NaN, NaN, NaN, NaN, NaN, NaN], "r": [1.55004507049, 1.30595864783, 1.11374127789, 2.66220979372, 1.50035144394, 1.08598421158, 0.562501322751, 0.165711488257, 25.6197048017, 1.43429728984, 3.71410877547, 0.265546480855, 0.154812386993, 36.8375722603, 13.8657926495, 6.09060916875, 5.18574752042, 1.9163905807, 1.05171340223, 33.6729529113, 5.52312465797, 3.30292326117, 6.5278997993, 1.11189053648, 1.50605496864, 0.610738838061, 8.41363948836, 4.05611285855, 2.29078194592, 1.55354840082, 1.22241725123, 0.28098478856, 5.98318384373, 6.89760441159, 3.88220910993, 2.56811345227, 1.96829570753, 5.84031749711, 2.36417980504, 0.198552159972, 14.4509557434, 14.0295967128, 10.7511007752, 6.98886164188, 5.4459666924, 2.73869769322, 0.713768384132, 0.356718060799, 1.02764348495], "analysis": ["atlas_1908_08215\n", "atlas_1908_08215\n", "atlas_1908_08215\n", "atlas_1712_08119\n", "atlas_1908_08215\n", "atlas_1908_08215\n", "atlas_1908_08215\n", "atlas_conf_2020_048\n", "atlas_1911_12606\n", "atlas_1908_08215\n", "atlas_1911_12606\n", "atlas_conf_2020_048\n", "atlas_conf_2020_048\n", "atlas_1911_12606\n", "atlas_1911_12606\n", "atlas_1911_12606\n", "atlas_1911_12606\n", "atlas_1911_12606\n", "atlas_1911_12606\n", "atlas_1911_12606\n", "atlas_1911_12606\n", "atlas_1911_12606\n", "atlas_1911_12606\n", "atlas_1911_12606\n", "atlas_1911_12606\n", "atlas_1911_12606\n", "atlas_1911_12606\n", "atlas_1911_12606\n", "atlas_1911_12606\n", "atlas_1911_12606\n", "atlas_1911_12606\n", "atlas_1911_12606\n", "atlas_1911_12606\n", "atlas_1911_12606\n", "atlas_1911_12606\n", "atlas_1911_12606\n", "atlas_1911_12606\n", "atlas_1911_12606\n", "atlas_1911_12606\n", "atlas_2101_01629\n", "atlas_conf_2016_096\n", "atlas_conf_2016_096\n", "atlas_1803_02762\n", "atlas_1803_02762\n", "atlas_1803_02762\n", "atlas_1803_02762\n", "atlas_1911_12606\n", "atlas_2101_01629\n", "atlas_1911_12606\n"], "tanB": 25, "m_sleptons": 300, "sign_M1": 1.0, "mu": [1087.9422163618608, 1041.9814651054387, 1004.5527521174166, 1087.6547843344863, 1043.6830636844554, 1001.6603834194549, 992.3631952152454, 962.8563585519851, 1087.5915554960745, 1042.3206632575748, 1004.4151800102815, 988.7101615968664, 798.6789861340832, 1087.59142444023, 1038.9572057221399, 1003.9185144943888, 992.6692483162898, 966.1174870677055, 598.954590532443, 1087.594892125696, 1040.3257603257798, 1004.5025659880698, 992.9274625791372, 970.3315223691434, 603.1398742710612, 505.77594864886777, 1087.5996827333174, 1037.371612507247, 1002.2518708666022, 989.7546433253802, 797.8668066014853, 539.2962840938796, 449.318392880485, 1087.603864888794, 1047.1277316090172, 1005.8879811809699, 991.9657494987398, 921.8849630501456, 572.195257786216, 459.3839531828585, 400.02033172138454, 1087.6095631735618, 1045.0349388403179, 1017.0332396740112, 995.9551273718588, 982.9146765947552, 724.0355475243662, 511.51577873000565, 443.51572639302026, 355.2098502148618]}