{"index": [0, 1, 2, 3, 4, 5, 6, 7, 8, 9, 10, 11, 12, 13, 14, 15, 16, 17, 18, 19, 20, 21, 22, 23, 24, 25, 26, 27, 28, 29, 30, 31, 32, 33, 34, 35, 36, 37, 38, 39, 40, 41, 42, 43, 44, 45, 46, 47, 48, 49, 50, 51, 52, 53, 54, 55, 56, 57, 58, 59, 60, 61, 62, 63, 64, 65, 66, 68, 67, 69, 70, 71, 72], "M1": [109.17421000146264, 108.64838155644243, 107.88538439933134, 106.77824638260188, 105.17174683451881, 102.84065463192691, 99.45815081269532, 94.55000858031394, 87.42810674052292, 77.09395515848752, 62.09870651242943, 40.34002800146261, 142.69435784060522, 142.08400489746379, 141.21531461146074, 139.97894339137278, 138.21926699290037, 135.71479181826754, 132.15027512315405, 127.07704485182353, 119.85652448752641, 109.57985429065869, 94.95349150697447, 74.13638984060518, 176.2295125563924, 175.44509766188006, 174.31152779672595, 172.67338878613972, 170.30608924819765, 166.88506876939516, 161.94130017196616, 154.7969851652696, 144.47262715598623, 129.55274075624854, 107.99178655639238, 209.61874042285046, 208.75108184690484, 207.51595792225172, 205.7577420161991, 203.25489747518304, 199.6920638237927, 194.62032108489853, 187.40062549246238, 177.12328945021528, 162.49336014461835, 141.66745442285045, 242.84809845200374, 241.7689411827928, 240.19611473104032, 237.9037861540008, 234.56281341078613, 229.69348578354038, 222.59664502373082, 212.2532973121737, 197.17830190181508, 175.2071284520037, 272.8853159516122, 269.6145799505727, 264.8118189317327, 257.7594266271389, 247.40366729978712, 232.19723143884127, 209.86804395161218, 301.14737277434676, 294.294284748405, 283.9261674722526, 268.24012120447856, 321.64027314904314, 244.5085177743467, 304.8915559424479, 277.14343814904316, 320.53489919876773, 294.2361341987677], "M2": [100.0, 100.0, 100.0, 100.0, 100.0, 100.0, 100.0, 100.0, 100.0, 100.0, 100.0, 100.0, 131.25, 131.25, 131.25, 131.25, 131.25, 131.25, 131.25, 131.25, 131.25, 131.25, 131.25, 131.25, 162.5, 162.5, 162.5, 162.5, 162.5, 162.5, 162.5, 162.5, 162.5, 162.5, 162.5, 193.75, 193.75, 193.75, 193.75, 193.75, 193.75, 193.75, 193.75, 193.75, 193.75, 193.75, 225.0, 225.0, 225.0, 225.0, 225.0, 225.0, 225.0, 225.0, 225.0, 225.0, 256.25, 256.25, 256.25, 256.25, 256.25, 256.25, 256.25, 287.5, 287.5, 287.5, 287.5, 318.75, 287.5, 318.75, 318.75, 350.0, 350.0], "~chi_10": [105.822246, 105.39906, 104.725389, 103.69645, 102.165563, 99.9181851, 96.6394126, 91.8699675, 84.9410576, 74.8808382, 60.2779999, 39.0838301, 138.343579, 137.851569, 137.088443, 135.945956, 134.276409, 131.868809, 128.420411, 123.497148, 116.479316, 106.482904, 92.2482263, 71.9815854, 170.790968, 170.179466, 169.194976, 167.684947, 165.438772, 162.149357, 157.366632, 150.435234, 140.4041, 125.896216, 104.919126, 203.093178, 202.437249, 201.383635, 199.778457, 197.416374, 194.001414, 189.104884, 182.110476, 172.136105, 157.922647, 137.674819, 235.183035, 234.383248, 233.044503, 230.946111, 227.785422, 223.112672, 216.258981, 206.240035, 191.613848, 170.273484, 260.725075, 258.628597, 254.784177, 248.476281, 238.786994, 224.300319, 202.85703, 283.368402, 279.168731, 270.970135, 256.989496, 295.331972, 234.849848, 285.135764, 262.562292, 285.916654, 270.533704], "~chi_20": [107.186134, 107.097362, 107.02811, 106.978974, 106.945595, 106.923201, 106.908168, 106.898029, 106.891156, 106.886477, 106.883282, 106.881093, 140.083896, 139.981997, 139.899881, 139.839335, 139.796724, 139.767265, 139.746976, 139.732976, 139.723284, 139.716552, 139.711864, 139.708593, 172.804249, 172.653214, 172.535672, 172.453164, 172.397779, 172.360971, 172.336413, 172.319908, 172.308735, 172.301129, 172.29593, 205.361073, 205.174456, 205.028594, 204.926098, 204.857274, 204.811435, 204.780712, 204.759916, 204.745712, 204.735942, 204.729187, 237.734155, 237.487448, 237.300951, 237.176144, 237.096102, 237.04479, 237.011472, 236.989539, 236.974937, 236.965137, 267.773546, 266.727534, 265.955222, 265.479574, 265.19951, 265.03121, 264.926809, 296.76733, 294.485439, 292.848377, 291.900461, 320.86102, 291.372401, 315.586338, 312.201146, 329.611377, 320.612336], "gm2": [3.184444e-09, 3.182319e-09, 3.179177e-09, 3.174495e-09, 3.167439e-09, 3.156634e-09, 3.139718e-09, 3.112438e-09, 3.066662e-09, 2.985802e-09, 2.833444e-09, 2.523627e-09, 3.163142e-09, 3.162586e-09, 3.16175e-09, 3.160472e-09, 3.15847e-09, 3.155238e-09, 3.149831e-09, 3.140403e-09, 3.123182e-09, 3.090036e-09, 3.022366e-09, 2.874452e-09, 3.042817e-09, 3.043439e-09, 3.044298e-09, 3.045453e-09, 3.046935e-09, 3.048669e-09, 3.050273e-09, 3.050535e-09, 3.046063e-09, 3.027541e-09, 2.968617e-09, 2.881367e-09, 2.882849e-09, 2.884932e-09, 2.887844e-09, 2.891874e-09, 2.897367e-09, 2.904659e-09, 2.913854e-09, 2.924196e-09, 2.932191e-09, 2.925903e-09, 2.703806e-09, 2.706135e-09, 2.709509e-09, 2.714382e-09, 2.721385e-09, 2.731358e-09, 2.74534e-09, 2.764333e-09, 2.788339e-09, 2.812731e-09, 2.690209e-09, 2.694885e-09, 2.701714e-09, 2.71164e-09, 2.725926e-09, 2.746021e-09, 2.77263e-09, 2.711722e-09, 2.719626e-09, 2.731605e-09, 2.749646e-09, 2.741591e-09, 2.776222e-09, 2.757315e-09, 2.783746e-09, 2.779704e-09, 2.800377e-09], "omega_dm": [0.0008265, 0.0010158, 0.0013623, 0.0020822, 0.0039001, 0.010033, 0.041065, 0.286, 1.8185, 2.3218, 0.9511, 5.0392, 0.0013854, 0.0016656, 0.0021512, 0.0030832, 0.0051695, 0.011014, 0.033399, 0.15761, 0.83562, 1.562, 1.8081, 2.4485, 0.0019966, 0.0024213, 0.003173, 0.0046571, 0.0081402, 0.01867, 0.063691, 0.32787, 1.1294, 1.3619, 1.5851, 0.0026979, 0.0032318, 0.0041446, 0.0058533, 0.0095606, 0.019512, 0.055223, 0.22893, 0.86182, 1.2075, 1.2862, 0.0035226, 0.0042767, 0.0056159, 0.0082591, 0.014491, 0.033515, 0.11516, 0.5233, 1.1245, 1.1782, 0.0049417, 0.0076137, 0.015012, 0.041934, 0.18321, 0.73913, 1.0204, 0.0098396, 0.018318, 0.053068, 0.24072, 0.025648, 0.67525, 0.049173, 0.20563, 0.031059, 0.062737], "dd_pval": [0.02577, 0.09058, 0.21888, 0.36489, 0.48217, 0.5, 0.5, 0.5, 0.5, 0.5, 0.5, 0.5, 0.02177, 0.07441, 0.18302, 0.31787, 0.43602, 0.5, 0.5, 0.5, 0.5, 0.5, 0.5, 0.5, 0.00886, 0.04514, 0.14648, 0.28902, 0.41624, 0.5, 0.5, 0.5, 0.5, 0.5, 0.5, 0.00473, 0.02858, 0.11064, 0.24513, 0.37621, 0.47531, 0.5, 0.5, 0.5, 0.5, 0.5, 0.00224, 0.01987, 0.09965, 0.24176, 0.37841, 0.47825, 0.5, 0.5, 0.5, 0.5, 0.0, 0.0, 0.0, 3e-05, 0.00168, 0.01175, 0.03536, 0.0, 0.0, 0.0, 0.0, 0.0, 0.0, 0.0, 0.0, 0.0, 0.0], "cx": [NaN, NaN, NaN, NaN, NaN, NaN, NaN, NaN, NaN, NaN, NaN, NaN, NaN, NaN, NaN, NaN, NaN, NaN, NaN, NaN, NaN, NaN, NaN, NaN, NaN, NaN, NaN, NaN, NaN, NaN, NaN, NaN, NaN, NaN, NaN, NaN, NaN, NaN, NaN, NaN, NaN, NaN, NaN, NaN, NaN, NaN, NaN, NaN, NaN, NaN, NaN, NaN, NaN, NaN, NaN, NaN, NaN, NaN, NaN, NaN, NaN, NaN, NaN, NaN, NaN, NaN, NaN, NaN, NaN, NaN, NaN, NaN, NaN], "r": [NaN, NaN, NaN, NaN, NaN, NaN, NaN, NaN, NaN, NaN, NaN, NaN, NaN, NaN, NaN, NaN, NaN, NaN, NaN, NaN, NaN, NaN, NaN, NaN, NaN, NaN, NaN, NaN, NaN, NaN, NaN, NaN, NaN, NaN, NaN, NaN, NaN, NaN, NaN, NaN, NaN, NaN, NaN, NaN, NaN, NaN, NaN, NaN, NaN, NaN, NaN, NaN, NaN, NaN, NaN, NaN, NaN, NaN, NaN, NaN, NaN, NaN, NaN, NaN, NaN, NaN, NaN, NaN, NaN, NaN, NaN, NaN, NaN], "analysis": ["", "", "", "", "", "", "", "", "", "", "", "", "", "", "", "", "", "", "", "", "", "", "", "", "", "", "", "", "", "", "", "", "", "", "", "", "", "", "", "", "", "", "", "", "", "", "", "", "", "", "", "", "", "", "", "", "", "", "", "", "", "", "", "", "", "", "", "", "", "", "", "", ""], "tanB": 25, "m_sleptons": 300, "sign_M1": 1.0,