{"index": [0, 1, 2, 3, 4, 5, 6, 7, 8, 9, 10, 11, 12, 13, 14, 15, 16, 17, 18, 19, 20, 21, 22, 23, 24, 25, 26, 27, 28, 29, 30, 31, 32, 33, 34, 35, 36, 37, 38, 39, 40, 41, 42, 43, 44, 45, 46, 47, 48, 49, 50, 51, 52, 53, 54, 55, 56, 57, 58, 59, 60, 61, 62, 63, 64, 65, 66, 67, 68, 69, 70, 71, 72, 73, 74, 75, 76, 77, 78, 79, 80, 81, 82, 83, 84, 85, 86, 87, 88, 89, 90, 91, 92, 93, 94, 95, 96, 97, 98, 99, 100, 101], "M1": [-107.4671409645703, -106.99572255478348, -106.30206882791074, -105.28141396417294, -103.7796036076307, -101.56981220100594, -98.31828444350957, -93.53392664119654, -86.49413449186599, -76.13565472226833, -60.893996891878, -38.46714096457028, -141.1289900969891, -140.65757168720228, -139.96391796032952, -138.94326309659175, -137.4414527400495, -135.23166133342474, -131.98013357592836, -127.19577577361534, -120.15598362428479, -109.79750385468711, -94.55584602429678, -72.12899009698907, -174.50458075735818, -174.03316234757136, -173.3395086206986, -172.31885375696083, -170.81704340041858, -168.60725199379382, -165.35572423629745, -160.57136643398442, -153.53157428465389, -143.1730945150562, -127.93143668466587, -105.50458075735816, -207.6157167881064, -207.08635651746118, -206.27677395067838, -205.0386305372338, -203.14506319135054, -200.24911652276563, -195.8201707419245, -189.04671702386426, -178.68766601240878, -162.84494495390163, -138.61571678810637, -240.46362401840184, -239.93426374775663, -239.12468118097382, -237.88653776752923, -235.992970421646, -233.09702375306108, -228.66807797221995, -221.8946242541597, -211.53557324270423, -195.69285218419708, -171.46362401840182, -273.0292791927416, -272.4999189220964, -271.6903363553136, -270.452192941869, -268.5586255959858, -265.66267892740086, -261.2337331465597, -254.4602794284995, -244.101228417044, -228.25850735853686, -204.0292791927416, -305.264624557039, -304.7352642863938, -303.92568171961096, -302.68753830616635, -300.79397096028316, -297.8980242916982, -293.46907851085706, -286.6956247927968, -276.3365737813414, -260.4938527228342, -236.26462455703896, -337.0762215310135, -336.5468612603683, -335.7372786935855, -334.4991352801409, -332.6055679342577, -329.70962126567275, -325.2806754848316, -318.50722176677135, -308.1481707553159, -292.30544969680875, -268.0762215310135, -368.2834115646243, -367.7540512939791, -366.9444687271963, -365.7063253137517, -363.8127579678685, -360.91681129928355, -356.4878655184424, -349.71441180038215, -339.3553607889267, -323.51263973041955, -299.2834115646243], "M2": [100.0, 100.0, 100.0, 100.0, 100.0, 100.0, 100.0, 100.0, 100.0, 100.0, 100.0, 100.0, 131.25, 131.25, 131.25, 131.25, 131.25, 131.25, 131.25, 131.25, 131.25, 131.25, 131.25, 131.25, 162.5, 162.5, 162.5, 162.5, 162.5, 162.5, 162.5, 162.5, 162.5, 162.5, 162.5, 162.5, 193.75, 193.75, 193.75, 193.75, 193.75, 193.75, 193.75, 193.75, 193.75, 193.75, 193.75, 225.0, 225.0, 225.0, 225.0, 225.0, 225.0, 225.0, 225.0, 225.0, 225.0, 225.0, 256.25, 256.25, 256.25, 256.25, 256.25, 256.25, 256.25, 256.25, 256.25, 256.25, 256.25, 287.5, 287.5, 287.5, 287.5, 287.5, 287.5, 287.5, 287.5, 287.5, 287.5, 287.5, 318.75, 318.75, 318.75, 318.75, 318.75, 318.75, 318.75, 318.75, 318.75, 318.75, 318.75, 350.0, 350.0, 350.0, 350.0, 350.0, 350.0, 350.0, 350.0, 350.0, 350.0, 350.0], "~chi_10": [-105.020511, -104.560427, -103.883474, -102.887266, -101.421489, -99.2646696, -96.0910501, -91.42121, -84.5496692, -74.4383109, -59.5594373, -37.6650179, -137.865646, -137.405704, -136.728863, -135.733058, -134.267726, -132.11155, -128.938776, -124.270296, -117.400578, -107.291659, -92.4159263, -70.5251159, -170.394619, -169.934944, -169.258493, -168.26326, -166.798665, -164.643801, -161.472786, -156.806829, -149.940692, -139.836761, -124.967738, -103.085737, -202.620475, -202.104772, -201.315962, -200.109536, -198.264575, -195.442697, -191.126888, -184.525747, -174.429012, -158.984438, -135.358362, -234.532644, -234.017539, -233.229638, -232.024595, -230.181731, -227.363016, -223.051943, -216.457819, -206.371304, -190.941346, -167.335011, -266.094952, -265.580577, -264.793937, -263.590907, -261.750846, -258.9366, -254.631966, -248.0476, -237.975018, -222.564905, -198.985657, -297.23272, -296.719624, -295.934784, -294.73439, -292.898562, -290.090439, -285.79518, -279.224376, -269.171615, -253.789184, -230.247103, -327.810049, -327.298728, -326.516589, -325.320292, -323.49065, -320.691809, -316.410339, -309.859721, -299.835866, -284.493429, -261.004548, -357.571965, -357.063506, -356.285715, -355.096002, -353.276278, -350.492263, -346.232699, -339.71388, -329.735022, -314.453931, -291.044429], "~chi_20": [106.980609, 106.980615, 106.980624, 106.980638, 106.980658, 106.980688, 106.980733, 106.980803, 106.98091, 106.981082, 106.981371, 106.981899, 139.827228, 139.827234, 139.827243, 139.827256, 139.827275, 139.827304, 139.827347, 139.827412, 139.827511, 139.827667, 139.827918, 139.828347, 172.35722, 172.357226, 172.357236, 172.357249, 172.357271, 172.357301, 172.357348, 172.357417, 172.357522, 172.357684, 172.35794, 172.358363, 204.583542, 204.583549, 204.583562, 204.583582, 204.583613, 204.583659, 204.583733, 204.583847, 204.584028, 204.584321, 204.584814, 236.495733, 236.495742, 236.495759, 236.495782, 236.495819, 236.495876, 236.495963, 236.4961, 236.496316, 236.496661, 236.497235, 268.057245, 268.057257, 268.057276, 268.057307, 268.057353, 268.057424, 268.057533, 268.057703, 268.057971, 268.058398, 268.059095, 299.193349, 299.193363, 299.193389, 299.193427, 299.193488, 299.19358, 299.193722, 299.193942, 299.194287, 299.194835, 299.195726, 329.767379, 329.767399, 329.767435, 329.767487, 329.76757, 329.767693, 329.767884, 329.768183, 329.768648, 329.769385, 329.770576, 359.522933, 359.522966, 359.523015, 359.523091, 359.523206, 359.523382, 359.523657, 359.52408, 359.524744, 359.525791, 359.527475], "gm2": [2.734381e-09, 2.735405e-09, 2.736922e-09, 2.739178e-09, 2.742549e-09, 2.747623e-09, 2.755337e-09, 2.767239e-09, 2.785985e-09, 2.816367e-09, 2.867506e-09, 2.957573e-09, 2.729964e-09, 2.730609e-09, 2.731566e-09, 2.732993e-09, 2.735132e-09, 2.738366e-09, 2.743315e-09, 2.751022e-09, 2.763319e-09, 2.783612e-09, 2.818636e-09, 2.882655e-09, 2.729095e-09, 2.729448e-09, 2.729973e-09, 2.730758e-09, 2.731943e-09, 2.733749e-09, 2.736546e-09, 2.740971e-09, 2.748184e-09, 2.760418e-09, 2.78227e-09, 2.823931e-09, 2.729951e-09, 2.730113e-09, 2.730366e-09, 2.730768e-09, 2.731413e-09, 2.732476e-09, 2.734284e-09, 2.737493e-09, 2.743514e-09, 2.755604e-09, 2.781939e-09, 2.731398e-09, 2.731401e-09, 2.73141e-09, 2.731432e-09, 2.731489e-09, 2.731627e-09, 2.731963e-09, 2.732786e-09, 2.734818e-09, 2.73994e-09, 2.75331e-09, 2.732715e-09, 2.732615e-09, 2.732464e-09, 2.73224e-09, 2.731913e-09, 2.731447e-09, 2.730819e-09, 2.730067e-09, 2.729443e-09, 2.729868e-09, 2.734345e-09, 2.73368e-09, 2.733516e-09, 2.733269e-09, 2.732894e-09, 2.73233e-09, 2.73149e-09, 2.730262e-09, 2.728522e-09, 2.726209e-09, 2.723596e-09, 2.722192e-09, 2.733923e-09, 2.733725e-09, 2.733423e-09, 2.732964e-09, 2.732267e-09, 2.731216e-09, 2.729644e-09, 2.727328e-09, 2.724012e-09, 2.719541e-09, 2.71442e-09, 2.733397e-09, 2.733183e-09, 2.732856e-09, 2.732358e-09, 2.7316e-09, 2.730449e-09, 2.72871e-09, 2.726104e-09, 2.722258e-09, 2.716753e-09, 2.709437e-09],