{"index": [0, 1, 2, 3, 4, 5, 6, 7, 8, 9, 10, 11, 12, 13, 14, 15, 16, 17, 18, 19, 20, 21, 22, 23, 24, 25, 26, 27, 28, 29, 30, 31, 32, 33, 34, 35, 36, 37, 38, 39, 40, 41, 42, 43, 44, 45, 46, 47, 48, 49], "M1": [106.99328663197673, 142.67056994345032, 104.64846811940409, 120.14415118054634, 172.8787563407899, 200.16121933107272, 101.13104419163412, 129.37822805578506, 160.90047044166917, 192.466510416583, 225.15038916080644, 97.81732452407851, 130.36315429724567, 160.3797328910196, 192.9338633232299, 227.1002914551238, 253.32640544166512, 93.09481619644005, 123.8775134997691, 157.55821722028222, 179.77215138489595, 215.0100659797782, 250.60528277667794, 277.2143649521686, 86.83938213757244, 108.05524921447578, 145.26277396773438, 182.25628237145742, 221.2984284230277, 256.83413758188004, 291.1359287565605, 74.81599832822099, 95.67461981207308, 138.45560806975894, 169.22965709964262, 204.14992033393074, 236.72762576123483, 262.1696637317508, 295.10673795004897, 62.841830019464936, 77.75319418820922, 131.64381353175762, 140.35779591141775, 166.87762979288442, 195.5984983905971, 222.46691641961834, 252.2718941365228, 353.496096458284, 44.77236045349771, 102.37291335809681], "M2": [100.13411615270998, 133.22378371635676, 100.27602745099674, 113.12227800786819, 161.93530044807255, 188.31867265280255, 100.32438317256653, 123.87248212587228, 152.60513933251357, 184.50184282102205, 213.14703934579902, 100.32434503592944, 128.8115590806297, 155.2990003969536, 190.31201665285488, 218.9053134895854, 242.31150198457527, 100.31794990383865, 129.41001466216508, 158.06435002424087, 185.48120058524137, 217.15580367767518, 246.41448718239207, 269.81855902350003, 100.31024249706896, 125.59416878089301, 155.0564308189742, 197.16603377982204, 232.56746428670792, 264.7236301803331, 291.7093543093197, 100.30242461138552, 130.4301280428215, 159.26589021913605, 197.1997036675889, 229.44275887740042, 261.4043288913932, 291.03273791875205, 311.8878457495486, 100.29720830374968, 133.2308436623315, 166.76908980455966, 191.82256226353886, 215.54741901823652, 240.6564293229576, 265.6863366387133, 299.19918937806995, 348.2869479760178, 100.29248614328618, 156.46632947792745], "~chi_10": [103.134118, 137.474837, 101.150777, 115.960653, 166.322348, 192.008566, 97.8825848, 125.111679, 155.309405, 185.482022, 215.117509, 94.7225297, 126.243005, 155.081827, 186.271968, 217.677271, 240.269276, 90.1766653, 120.054743, 152.534309, 173.877663, 207.146212, 239.050395, 260.169608, 84.1260602, 104.746942, 140.747543, 176.253276, 213.038116, 244.84876, 270.32081, 72.463882, 92.7442826, 134.18021, 163.742655, 196.906557, 226.946216, 248.588127, 271.537156, 60.8335738, 75.3342115, 127.568625, 135.892891, 161.326704, 188.59196, 213.54781, 239.42329, 276.530423, 43.2712209, 99.208666], "~chi_20": [106.440539, 141.245427, 106.293382, 119.971225, 171.004595, 197.986138, 106.193198, 130.996152, 160.922728, 193.306639, 222.937261, 106.132055, 135.959306, 163.384601, 198.684415, 227.662014, 251.465628, 106.080414, 136.467616, 166.002911, 193.582173, 224.897789, 253.628475, 276.767573, 106.041524, 132.430601, 162.798854, 205.051927, 239.274079, 268.835544, 294.079983, 106.005331, 137.426343, 167.033708, 204.981846, 236.042002, 264.908384, 288.178985, 305.117381, 105.986361, 140.300519, 174.598768, 199.605029, 222.69575, 246.201115, 268.043033, 292.275077, -329.814022, 105.970531, 164.114204], "gm2": [2.755558e-09, 2.751232e-09, 2.752084e-09, 2.76428e-09, 2.744302e-09, 2.741526e-09, 2.746602e-09, 2.756574e-09, 2.750304e-09, 2.742792e-09, 2.738875e-09, 2.741131e-09, 2.747084e-09, 2.747573e-09, 2.741046e-09, 2.739304e-09, 2.738491e-09, 2.732801e-09, 2.739296e-09, 2.743622e-09, 2.741635e-09, 2.741224e-09, 2.740776e-09, 2.741823e-09, 2.72076e-09, 2.727986e-09, 2.740266e-09, 2.739871e-09, 2.743243e-09, 2.745917e-09, 2.748479e-09, 2.694149e-09, 2.697621e-09, 2.731519e-09, 2.737856e-09, 2.744809e-09, 2.749973e-09, 2.756548e-09, 2.75469e-09, 2.662704e-09, 2.659449e-09, 2.723094e-09, 2.726208e-09, 2.740308e-09, 2.748528e-09, 2.754262e-09, 2.761534e-09, 2.757959e-09, 2.604908e-09, 2.695241e-09], "omega_dm": [0.0013627, 0.0018212, 0.0034988, 0.0020216, 0.002539, 0.0033299, 0.014698, 0.0044624, 0.0038741, 0.0066763, 0.0043598, 0.057604, 0.01705, 0.0089868, 0.020637, 0.0082481, 0.0059851, 0.36608, 0.15851, 0.038172, 0.11889, 0.048313, 0.014609, 0.0085833, 2.935, 2.8314, 0.38591, 0.54057, 0.17094, 0.054303, 0.013168, 6.0374, 4.2685, 2.0691, 1.8779, 0.80133, 0.33416, 0.14028, 0.0227, 0.26264, 5.7747, 2.8183, 2.6336, 2.1745, 1.2148, 0.67367, 0.23658, 0.0079418, 0.47942, 3.9068], "dd_pval": [0.0, 0.0, 7e-05, 0.0, 0.0, 0.0, 0.00385, 5e-05, 0.0, 0.0, 0.0, 0.01422, 0.00333, 3e-05, 0.0, 0.0, 0.0, 0.03231, 0.02421, 0.00192, 0.00059, 0.0, 0.0, 0.0, 0.05251, 0.06124, 0.01734, 0.00105, 0.0, 0.0, 0.0, 0.07566, 0.08932, 0.03393, 0.00497, 1e-05, 0.0, 0.0, 0.0, 0.08556, 0.09987, 0.04319, 0.02176, 0.00297, 3e-05, 0.0, 0.0, 0.0, 0.09248, 0.0748], "cx": [NaN, NaN, NaN, NaN, NaN, NaN, NaN, NaN, NaN, NaN, NaN, NaN, NaN, NaN, NaN, NaN, NaN, NaN, NaN, NaN, NaN, NaN, NaN, NaN, NaN, NaN, NaN, NaN, NaN, NaN, NaN, NaN, NaN, NaN, NaN, NaN, NaN, NaN, NaN, NaN, NaN, NaN, NaN, NaN, NaN, NaN, NaN, NaN, NaN, NaN], "r": [0.641517995496, 0.934096047911, 3.50491513992, 0.48452623739, 1.04389212301, 0.95310801271, 3.3538776896, 0.659750119728, 0.857264181864, 0.772127504367, 0.751363196287, 12.7698984093, 2.53110276334, 0.729792440394, 1.60588064107, 0.629067143138, 0.540821061482, 4.90472325272, 3.03344458234, 3.61121259679, 0.792975002612, 0.277286552785, 0.536811106535, 0.289874070762, 3.76118068616, 2.37344335879, 2.02747906534, 2.52708951418, 0.523712490553, 0.301984824709, 0.245114196424, 2.40768316967, 2.12996114489, 1.10273454145, 0.8721616471, 0.786539959587, 0.27301083625, 0.208370561919, 0.195907783268, 3.07197217195, 3.86807918017, 1.67736078716, 0.748845899355, 0.566910943487, 0.268750007579, 0.284167176248, 0.205722014535, 0.100769109883, 9.58705937362, 1.19670691486], "analysis": ["atlas_conf_2020_048\n", "atlas_1908_08215\n", "atlas_1911_12606\n", "atlas_conf_2020_048\n", "atlas_1908_08215\n", "atlas_1908_08215\n", "atlas_1911_12606\n", "atlas_1911_12606\n", "atlas_1908_08215\n", "atlas_1908_08215\n", "atlas_1908_08215\n", "atlas_1911_12606\n", "atlas_1911_12606\n", "atlas_1911_12606\n", "atlas_1911_12606\n", "atlas_1908_08215\n", "atlas_1908_08215\n", "atlas_1911_12606\n", "atlas_1911_12606\n", "atlas_1911_12606\n", "atlas_1911_12606\n", "atlas_1911_12606\n", "atlas_1911_12606\n", "atlas_1908_08215\n", "atlas_1911_12606\n", "atlas_1911_12606\n", "atlas_1911_12606\n", "atlas_1911_12606\n", "atlas_1908_08215\n", "atlas_1908_08215\n", "atlas_1908_08215\n", "atlas_1911_12606\n", "atlas_1911_12606\n", "atlas_1911_12606\n", "atlas_1911_12606\n", "atlas_1911_12606\n", "atlas_1908_08215\n", "atlas_1908_08215\n", "atlas_1908_08215\n", "atlas_1911_12606\n", "atlas_conf_2016_096\n", "atlas_1911_12606\n", "atlas_1911_12606\n", "atlas_1911_12606\n", "atlas_1911_12606\n", "atlas_1908_08215\n", "atlas_1908_08215\n", "atlas_1908_08215\n", "atlas_conf_2016_096\n", "atlas_1911_12606\n"], "tanB": 30, "m_sleptons": 400, "sign_M1": 1.0,