{"index": [0, 1, 2, 3, 4, 5, 6, 7, 8, 9, 10, 11, 12, 13, 14, 15, 16, 17, 18, 19, 20, 21, 22, 23, 24, 25, 26, 27, 28, 29, 30, 31, 32, 33, 34, 35, 36, 37, 38, 39, 40, 41, 42, 43, 44, 45, 46, 47, 48, 49, 50, 51, 52, 53, 54, 55, 56, 57, 58, 59, 60, 61, 62, 63, 64, 65, 66, 67, 68, 69], "M1": [107.88483278863757, 106.96695797884782, 105.7307403893692, 104.065770491256, 101.82334586858723, 98.80319025253098, 94.73556637211688, 89.25718507793691, 81.8787591253964, 71.94130376883703, 58.55728126880664, 40.53133278863754, 141.40801940200816, 140.35878768470604, 138.97238147394708, 137.14044849905255, 134.71981708636667, 131.5213068153132, 127.29494343738656, 121.7104225546706, 114.33129522918487, 104.58085804230694, 91.69708179861757, 74.67305640200814, 174.4330298442072, 173.04937905905115, 171.2204693722119, 168.80301644369922, 165.60762702473104, 161.383961108251, 155.80111925863514, 148.4217185829782, 138.6676263484591, 125.77466667581798, 108.73275184420717, 206.83658627940858, 204.96004895419458, 202.4927325715144, 199.24864568315596, 194.98324226221845, 189.37498731422855, 182.0011188995171, 172.3057794576168, 159.5581141065331, 142.79717727940854, 238.302393568796, 235.28936144002046, 231.22826001617057, 225.7545232387608, 218.37677243145288, 208.4327051172605, 195.02963996476979, 176.96438056879597, 268.0525747107139, 263.8144572723142, 258.2226776398038, 250.84487371788944, 241.11058619451336, 228.2671500459462, 211.32149771071383, 292.9126896110231, 285.53163404580545, 275.6275885486164, 262.3381455490773, 244.50610961102305, 306.7578150964058, 292.45302456791546, 272.4084470964058, 364.3133948634749, 345.1234318634748], "M2": [100.0, 100.0, 100.0, 100.0, 100.0, 100.0, 100.0, 100.0, 100.0, 100.0, 100.0, 100.0, 131.25, 131.25, 131.25, 131.25, 131.25, 131.25, 131.25, 131.25, 131.25, 131.25, 131.25, 131.25, 162.5, 162.5, 162.5, 162.5, 162.5, 162.5, 162.5, 162.5, 162.5, 162.5, 162.5, 193.75, 193.75, 193.75, 193.75, 193.75, 193.75, 193.75, 193.75, 193.75, 193.75, 225.0, 225.0, 225.0, 225.0, 225.0, 225.0, 225.0, 225.0, 256.25, 256.25, 256.25, 256.25, 256.25, 256.25, 256.25, 287.5, 287.5, 287.5, 287.5, 287.5, 318.75, 318.75, 318.75, 350.0, 350.0], "~chi_10": [103.740739, 103.085884, 102.078634, 100.604568, 98.5265442, 95.6615889, 91.756856, 86.4658226, 79.3170531, 69.6723794, 56.6700746, 39.1479993, 136.030078, 135.31175, 134.215923, 132.625502, 130.409084, 127.396523, 123.35694, 117.978014, 110.841099, 101.389034, 88.8826933, 72.3436621, 167.499296, 166.591267, 165.179483, 163.104705, 160.19478, 156.228353, 150.902389, 143.804999, 134.382549, 121.897266, 105.369507, 197.867484, 196.690257, 194.841125, 192.104457, 188.258414, 183.023953, 176.0191, 166.723886, 154.440576, 138.242636, 226.530184, 224.696234, 221.665097, 217.019611, 210.326868, 201.012712, 188.262254, 170.938277, 252.141817, 249.69395, 245.716441, 239.675415, 231.053672, 219.211799, 203.260847, 270.994927, 266.807614, 259.801806, 248.923187, 233.120385, 276.528444, 268.724846, 254.422201, 276.553406, 274.296773], "~chi_20": [106.559993, 106.322796, 106.128411, 105.984224, 105.882514, 105.811779, 105.762397, 105.727583, 105.702781, 105.684948, 105.672031, 105.662618, 139.436459, 139.13558, 138.884605, 138.695292, 138.560069, 138.46508, 138.398151, 138.350504, 138.316191, 138.291222, 138.272895, 138.259353, 171.907024, 171.473058, 171.110851, 170.840559, 170.650566, 170.519164, 170.427743, 170.363291, 170.317212, 170.283866, 170.259494, 203.906051, 203.26825, 202.730781, 202.329016, 202.04786, 201.854608, 201.720863, 201.626899, 201.559842, 201.511333, 235.245461, 234.180049, 233.301993, 232.676229, 232.260488, 231.987017, 231.804306, 231.67964, 265.440496, 263.849139, 262.492202, 261.486787, 260.79839, 260.336281, 260.022875, 292.622476, 289.893041, 287.583837, 285.910886, 284.794745, 312.166351, 306.723308, 302.262914, -327.459549, -327.496958], "gm2": [2.756839e-09, 2.755517e-09, 2.753702e-09, 2.751195e-09, 2.747703e-09, 2.742786e-09, 2.735764e-09, 2.72555e-09, 2.710348e-09, 2.687065e-09, 2.650163e-09, 2.589421e-09, 2.750524e-09, 2.74976e-09, 2.74872e-09, 2.747292e-09, 2.745311e-09, 2.742521e-09, 2.738524e-09, 2.732675e-09, 2.723892e-09, 2.71029e-09, 2.688453e-09, 2.651929e-09, 2.743984e-09, 2.743683e-09, 2.743251e-09, 2.74262e-09, 2.741678e-09, 2.740237e-09, 2.737969e-09, 2.734295e-09, 2.728148e-09, 2.717496e-09, 2.698301e-09, 2.739234e-09, 2.739405e-09, 2.739592e-09, 2.739773e-09, 2.739892e-09, 2.73983e-09, 2.739344e-09, 2.737935e-09, 2.73458e-09, 2.727125e-09, 2.737736e-09, 2.738482e-09, 2.739431e-09, 2.740601e-09, 2.741962e-09, 2.743363e-09, 2.744345e-09, 2.743693e-09, 2.739923e-09, 2.741226e-09, 2.742886e-09, 2.744963e-09, 2.747484e-09, 2.750364e-09, 2.753219e-09, 2.746362e-09, 2.748632e-09, 2.751577e-09, 2.755311e-09, 2.759818e-09, 2.755311e-09, 2.759274e-09, 2.764553e-09, 2.756535e-09, 2.761275e-09], "omega_dm": [0.00094289, 0.0013039, 0.0020606, 0.003914, 0.0096357, 0.03354, 0.17449, 1.2674, 4.855, 6.4063, 1.8997, 3.4928, 0.0014247, 0.0018902, 0.0027906, 0.0047407, 0.0097763, 0.026242, 0.09758, 0.48894, 2.2479, 3.724, 4.5376, 6.1205, 0.0020855, 0.0027991, 0.00422, 0.0073926, 0.01591, 0.045107, 0.17625, 0.82555, 2.4056, 2.9938, 3.611, 0.0029197, 0.0040176, 0.0063222, 0.011793, 0.027565, 0.085611, 0.34509, 1.3007, 2.2444, 2.5837, 0.0040614, 0.0061404, 0.011469, 0.028058, 0.095118, 0.39869, 1.1247, 1.8985, 0.0057028, 0.0089825, 0.018004, 0.047866, 0.16093, 0.48517, 0.8788, 0.0088688, 0.016136, 0.04066, 0.12737, 0.33087, 0.013849, 0.0292, 0.084588, 0.0075821, 0.0085929], "dd_pval": [0.0, 0.0, 0.0, 0.00012, 0.0019, 0.00955, 0.02485, 0.04445, 0.06357, 0.07855, 0.08733, 0.09575, 0.0, 0.0, 0.0, 4e-05, 0.00091, 0.00601, 0.01861, 0.03751, 0.05876, 0.07852, 0.09384, 0.10178, 0.0, 0.0, 0.0, 0.0, 0.00015, 0.0018, 0.00783, 0.0195, 0.0352, 0.0522, 0.0674, 0.0, 0.0, 0.0, 0.0, 0.0, 9e-05, 0.00092, 0.0039, 0.01009, 0.01938, 0.0, 0.0, 0.0, 0.0, 0.0, 0.0, 0.0001, 0.00086, 0.0, 0.0, 0.0, 0.0, 0.0, 0.0, 0.0, 0.0, 0.0, 0.0, 0.0, 0.0, 0.0, 0.0, 0.0, 0.0, 0.0], "cx": [NaN, NaN, NaN, NaN, NaN, NaN, NaN, NaN, NaN, NaN, NaN, NaN, NaN, NaN, NaN, NaN, NaN, NaN, NaN, NaN, NaN, NaN, NaN, NaN, NaN, NaN, NaN, NaN, NaN, NaN, NaN, NaN, NaN, NaN, NaN, NaN, NaN, NaN, NaN, NaN, NaN, NaN, NaN, NaN, NaN, NaN, NaN, NaN, NaN, NaN, NaN, NaN, NaN, NaN, NaN, NaN, NaN, NaN, NaN, NaN, NaN, NaN, NaN, NaN, NaN, NaN, NaN, NaN, NaN, NaN], "r": [NaN, NaN, NaN, NaN, NaN, NaN, NaN, NaN, NaN, NaN, NaN, NaN, NaN, NaN, NaN, NaN, NaN, NaN, NaN, NaN, NaN, NaN, NaN, NaN, NaN, NaN, NaN, NaN, NaN, NaN, NaN, NaN, NaN, NaN, NaN, NaN, NaN, NaN, NaN, NaN, NaN, NaN, NaN, NaN, NaN, NaN, NaN, NaN, NaN, NaN, NaN, NaN, NaN, NaN, NaN, NaN, NaN, NaN, NaN, NaN, NaN, NaN, NaN, NaN, NaN, NaN, NaN, NaN, NaN, NaN], "analysis": ["", "", "", "", "", "", "", "", "", "", "", "", "", "", "", "", "", "", "", "", "", "", "", "", "", "", "", "", "", "", "", "", "", "", "", "", "", "", "", "", "", "", "", "", "", "", "", "", "", "", "", "", "", "", "", "", "", "", "", "", "", "", "", "", "", "", "", "", "", ""], "tanB": 30, "m_sleptons": 400, "sign_M1": 1.0,