{"index": [0, 1, 2, 3, 4, 5, 6, 7, 8, 9, 10, 11, 12, 13, 14, 15, 16, 17, 18, 20, 21, 22, 23, 24, 25, 26, 27, 28, 29, 30, 31, 32, 33, 34, 35, 36, 37, 38, 19, 39, 40, 41, 42, 43, 44, 45, 46, 47], "M1": [-151.32997239491783, -182.60981850029023, -226.01966452825596, -268.17347872951933, -298.4481656571094, -340.1467661951651, -106.8047045476184, -137.0100981187527, -184.90370522401946, -231.86832934245697, -280.08860908131055, -329.1888288271733, -369.4311078365642, -104.40120448666566, -144.3168336906361, -185.89700501747149, -232.78606048755643, -280.59997164549844, -326.78206907441796, -101.56476397327167, -137.57326581842133, -180.44359401638707, -226.90377490776433, -273.98267520839937, -320.676276547513, -362.3272836137436, -94.99034391245937, -127.07147703056505, -170.0606799394805, -216.61931067547906, -263.8789867574293, -309.8256725679526, -354.489413987133, -83.09879553199431, -109.56057407025801, -153.50572154998798, -199.77858359939577, -247.90776806367845, -366.81633206282703, -293.97412446252383, -340.7618069398357, -68.9665454711978, -65.8673013107623, -107.87289200636761, -161.42215577291083, -203.22659207901043, -245.01937640912922, -307.9651220865346], "M2": [140.44190155893781, 169.69605871827116, 210.60507110866104, 250.6993284614834, 279.73433554910173, 320.0731629453098, 100.17917637836443, 127.96864380139534, 173.16489862639241, 217.41644949188517, 263.5186652533749, 310.66548246131816, 349.8273939293843, 100.22964641443869, 136.93170878338807, 176.66374118207506, 220.77567542885703, 266.57452398010525, 310.83093889298465, 100.29219375747078, 135.67811182636984, 176.3762759076017, 220.02875158941168, 265.13290154612105, 309.88379581546155, 349.6356964793579, 100.31345008285932, 135.4047382121796, 176.2079634633975, 219.70125249634492, 264.9045709988739, 309.4396118899318, 349.614011320441, 100.33968614108429, 138.36904628696172, 179.6677534884264, 221.6344182968944, 267.399837843134, 349.70781418741086, 315.10300333218834, 349.60493495683073, 100.34731031462498, 124.67439146058426, 163.95518445022205, 214.32187714332616, 254.1651457659632, 294.25168291552944, 349.58156138901984], "~chi_10": [-147.919172, -178.43303, -220.727255, -261.722645, -291.104252, -331.454972, -104.442101, -133.941067, -180.66803, -226.417751, -273.289343, -320.86212, -359.669587, -102.094073, -141.07276, -181.63347, -227.306335, -273.778454, -318.52453, -99.3230977, -134.48777, -176.311371, -221.572658, -267.340966, -312.598799, -352.794862, -92.900151, -124.231088, -166.177131, -211.544822, -257.504127, -302.059301, -345.204982, -81.2821566, -107.125672, -150.012943, -195.117138, -241.943227, -357.139789, -286.631915, -331.903377, -67.4742635, -64.4436967, -105.465129, -157.704006, -198.425771, -239.063754, -300.087429], "~chi_20": [149.915577, 180.4166, 222.687985, 263.687029, 293.088408, 333.456998, 107.541223, 136.839695, 184.017507, 229.683726, 276.700263, 324.099628, 362.780161, 107.594563, 146.241034, 187.646554, 233.129573, 279.795054, 324.264515, 107.660812, 144.928019, 187.348617, 232.363748, 278.335515, 323.320585, 362.593011, 107.683401, 144.641683, 187.174205, 232.027992, 278.104449, 322.877904, 362.572026, 107.711226, 147.746331, 190.7604, 234.01031, 280.630891, 362.66335, 328.518841, 362.563533, 107.719411, 133.377407, 174.451193, 226.507728, 267.210895, 307.688015, 362.541776], "gm2": [2.72498e-09, 2.723426e-09, 2.726047e-09, 2.729148e-09, 2.731183e-09, 2.733384e-09, 2.728858e-09, 2.726969e-09, 2.725147e-09, 2.726699e-09, 2.729601e-09, 2.732134e-09, 2.733367e-09, 2.73665e-09, 2.729839e-09, 2.727619e-09, 2.727119e-09, 2.72897e-09, 2.730882e-09, 2.746144e-09, 2.740057e-09, 2.732203e-09, 2.727939e-09, 2.727596e-09, 2.728397e-09, 2.729475e-09, 2.768796e-09, 2.762451e-09, 2.742877e-09, 2.730499e-09, 2.725563e-09, 2.723774e-09, 2.725199e-09, 2.814247e-09, 2.815147e-09, 2.767648e-09, 2.738005e-09, 2.723206e-09, 2.731949e-09, 2.715218e-09, 2.718027e-09, 2.876272e-09, 2.959758e-09, 2.851841e-09, 2.771053e-09, 2.734975e-09, 2.714284e-09, 2.703093e-09], "omega_dm": [0.0020173, 0.0026303, 0.003646, 0.0048535, 0.0058535, 0.0073706, 0.0020545, 0.0023473, 0.0037093, 0.0048943, 0.006607, 0.0082661, 0.0097451, 0.0054243, 0.0048585, 0.0068478, 0.0078497, 0.0098215, 0.011317, 0.017993, 0.024016, 0.021504, 0.018915, 0.020053, 0.020662, 0.020043, 0.27827, 0.51241, 0.22328, 0.11281, 0.083337, 0.071431, 0.044388, 10.164, 6.9006, 3.9689, 1.6785, 0.86543, 0.012738, 0.66751, 0.17464, 14.084, 15.076, 7.125, 4.1909, 2.9922, 2.3014, 1.2887], "dd_pval": [0.5, 0.5, 0.5, 0.5, 0.5, 0.5, 0.5, 0.5, 0.5, 0.5, 0.5, 0.5, 0.5, 0.5, 0.5, 0.5, 0.5, 0.5, 0.5, 0.5, 0.5, 0.5, 0.5, 0.5, 0.5, 0.5, 0.5, 0.5, 0.5, 0.5, 0.5, 0.5, 0.5, 0.44991, 0.5, 0.5, 0.5, 0.5, 0.5, 0.5, 0.5, 0.36447, 0.33836, 0.5, 0.5, 0.5, 0.5, 0.5], "cx": [NaN, NaN, NaN, NaN, NaN, NaN, NaN, NaN, NaN, NaN, NaN, NaN, NaN, NaN, NaN, NaN, NaN, NaN, NaN, NaN, NaN, NaN, NaN, NaN, NaN, NaN, NaN, NaN, NaN, NaN, NaN, NaN, NaN, NaN, NaN, NaN, NaN, NaN, NaN, NaN, NaN, NaN, NaN, NaN, NaN, NaN, NaN, NaN], "r": [0.695152880774, 0.461418071435, 0.462732035413, 0.456107091499, 0.40812468776, 0.303479562366, 0.661552748706, 0.504995923349, 0.394436683292, 0.457969308248, 0.437227017728, 0.333490327887, 0.189807925117, 3.70918910202, 2.99443585565, 0.208613836583, 0.406922344156, 0.400057179842, 0.318387509559, 3.93108840141, 10.9820785171, 3.51001977535, 0.537068054207, 0.794183647117, 0.274763084544, 0.171191315232, 20.6724326207, 4.92757933175, 1.8087615554, 0.931800475763, 0.675787645931, 0.296820488134, 0.100343068302, 5.3044452938, 3.90546559558, 5.55182331938, 1.19233376599, 1.49910009266, 0.199247893003, 0.723492264164, 0.404778813234, 4.42871263813, 9.22804740201, 3.28570865283, 1.68244223573, 0.697912613042, 0.415461551423, 0.204539848325], "analysis": ["atlas_conf_2020_048\n", "atlas_conf_2020_048\n", "atlas_1908_08215\n", "atlas_1908_08215\n", "atlas_1908_08215\n", "atlas_1908_08215\n", "atlas_conf_2020_048\n", "atlas_conf_2020_048\n", "atlas_conf_2020_048\n", "atlas_1908_08215\n", "atlas_1908_08215\n", "atlas_1908_08215\n", "atlas_1908_08215\n", "atlas_1712_08119\n", "atlas_1911_12606\n", "atlas_1911_12606\n", "atlas_1908_08215\n", "atlas_1908_08215\n", "atlas_1908_08215\n", "atlas_1911_12606\n", "atlas_1911_12606\n", "atlas_1911_12606\n", "atlas_1911_12606\n", "atlas_1911_12606\n", "atlas_1908_08215\n", "atlas_1908_08215\n", "atlas_1911_12606\n", "atlas_1911_12606\n", "atlas_1911_12606\n", "atlas_1911_12606\n", "atlas_1911_12606\n", "atlas_1911_12606\n", "atlas_1911_12606\n", "atlas_1911_12606\n", "atlas_1911_12606\n", "atlas_1911_12606\n", "atlas_1911_12606\n", "atlas_1911_12606\n", "atlas_1908_08215\n", "atlas_1911_12606\n", "atlas_1911_12606\n", "atlas_1911_12606\n", "atlas_conf_2016_096\n", "atlas_1803_02762\n", "atlas_1803_02762\n", "atlas_1803_02762\n", "atlas_1911_12606\n", "atlas_1911_12606\n"], "tanB": 70, "m_sleptons": 500, "sign_M1": -1.0, "mu": [873.8568713703473, 853.3689237655431, 818.6139958713552, 782.8469795867691, 757.052237815607, 722.0021472230521, 887.4661858560513, 880.7177939192361, 850.5075947224008, 812.5871766996394, 771.4286103078862, 730.1129543331008, 696.9962456056668, 887.4539297167266, 876.1726145982203, 847.6215175072148, 809.6148785626087, 768.7193690284286, 729.9697179980529, 697.0967422128494, 887.438740725194, 876.9996371719998, 847.8586379164963, 810.2757690112245, 769.9974722906566, 730.7896637796935, 697.1573510154567, 887.4335788409205, 877.1799871231905, 847.9974731748765, 810.5655455735831, 770.1999039471177, 731.1741956890256, 697.1755755479854, 887.427207678743, 875.2243747712646, 845.1436090750626, 808.85504880577, 767.9876681920425, 726.2713736835047, 697.1832034599825, 887.4253562250802, 881.517769881213, 858.1043773209923, 815.3253050063107, 779.7411286502613, 744.3224502557832, 697.202846956648]}