{"index": [0, 1, 2, 3, 4, 5, 6, 7, 8, 9, 10, 11, 12, 13, 14, 15, 16, 17, 18, 19, 20, 21, 22, 23, 24, 25, 26, 27, 28, 29, 30, 31, 32, 33, 34, 35, 36, 37, 38, 39, 40, 41, 42, 43, 44, 45, 46, 47, 48, 49, 50, 51, 52, 53, 54, 55, 56, 57, 58, 59, 60, 61, 62, 63, 64, 65, 66, 67, 68, 69, 70, 71, 72, 73, 74, 75, 76, 77, 78, 79, 80, 81, 82, 83, 84, 85, 86, 87, 88, 89, 90, 91, 92, 93, 94, 95, 96, 97, 98, 99, 100, 101], "M1": [-107.77483894576395, -107.30342053597712, -106.60976680910439, -105.5891119453666, -104.08730158882435, -101.87751018219959, -98.62598242470321, -93.84162462239019, -86.80183247305963, -76.44335270346195, -61.20169487307164, -38.77483894576392, -141.4978925250894, -141.0264741153026, -140.33282038842984, -139.31216552469206, -137.8103551681498, -135.60056376152505, -132.34903600402868, -127.56467820171565, -120.5248860523851, -110.16640628278742, -94.9247484523971, -72.49789252508938, -174.9587156621715, -174.48729725238468, -173.79364352551192, -172.77298866177415, -171.2711783052319, -169.06138689860714, -165.80985914111076, -161.02550133879774, -153.9857091894672, -143.6272294198695, -128.38557158947918, -105.95871566217147, -208.1857277349331, -207.65636746428788, -206.84678489750507, -205.60864148406048, -203.71507413817724, -200.81912746959233, -196.3901816887512, -189.61672797069096, -179.25767695923548, -163.41495590072833, -139.18572773493307, -241.19229951452695, -240.66293924388174, -239.85335667709893, -238.61521326365434, -236.7216459177711, -233.8256992491862, -229.39675346834505, -222.62329975028481, -212.26424873882934, -196.42152768032219, -172.19229951452692, -273.9792863822021, -273.44992611155686, -272.64034354477405, -271.40220013132944, -269.50863278544625, -266.6126861168613, -262.18374033602015, -255.41028661795994, -245.05123560650446, -229.2085145479973, -204.97928638220205, -306.5338375409056, -306.0044772702604, -305.1948947034776, -303.95675129003297, -302.0631839441498, -299.16723727556484, -294.7382914947237, -287.96483777666344, -277.605786765208, -261.76306570670084, -237.53383754090558, -338.82492185194576, -338.29556158130055, -337.48597901451774, -336.2478356010731, -334.35426825518994, -331.458321586605, -327.02937580576383, -320.2559220877036, -309.89687107624815, -294.054150017741, -269.82492185194576, -370.7934730118156, -370.2641127411704, -369.45453017438757, -368.21638676094295, -366.32281941505977, -363.4268727464748, -358.99792696563367, -352.2244732475734, -341.865422236118, -326.0227011776108, -301.79347301181554], "M2": [100.0, 100.0, 100.0, 100.0, 100.0, 100.0, 100.0, 100.0, 100.0, 100.0, 100.0, 100.0, 131.25, 131.25, 131.25, 131.25, 131.25, 131.25, 131.25, 131.25, 131.25, 131.25, 131.25, 131.25, 162.5, 162.5, 162.5, 162.5, 162.5, 162.5, 162.5, 162.5, 162.5, 162.5, 162.5, 162.5, 193.75, 193.75, 193.75, 193.75, 193.75, 193.75, 193.75, 193.75, 193.75, 193.75, 193.75, 225.0, 225.0, 225.0, 225.0, 225.0, 225.0, 225.0, 225.0, 225.0, 225.0, 225.0, 256.25, 256.25, 256.25, 256.25, 256.25, 256.25, 256.25, 256.25, 256.25, 256.25, 256.25, 287.5, 287.5, 287.5, 287.5, 287.5, 287.5, 287.5, 287.5, 287.5, 287.5, 287.5, 318.75, 318.75, 318.75, 318.75, 318.75, 318.75, 318.75, 318.75, 318.75, 318.75, 318.75, 350.0, 350.0, 350.0, 350.0, 350.0, 350.0, 350.0, 350.0, 350.0, 350.0, 350.0], "~chi_10": [-105.38983, -104.929316, -104.251732, -103.254595, -101.787455, -99.6286336, -96.4520787, -91.77793, -84.9001152, -74.7795909, -59.887363, -37.9735281, -138.323322, -137.862939, -137.185447, -136.188686, -134.721952, -132.563719, -129.387934, -124.715051, -117.83892, -107.720687, -92.8314876, -70.921274, -170.97243, -170.512262, -169.835087, -168.83879, -167.372733, -165.215487, -162.041228, -157.370304, -150.497095, -140.38295, -125.499368, -103.596385, -203.360132, -202.843774, -202.053964, -200.846013, -198.998732, -196.173333, -191.852197, -185.243046, -175.134355, -159.672226, -136.020321, -235.492747, -234.976725, -234.187671, -232.980724, -231.134868, -228.311865, -223.99418, -217.390157, -207.288872, -191.837471, -168.200456, -267.361621, -266.846163, -266.057871, -264.852327, -263.008452, -260.188439, -255.875142, -249.277872, -239.186315, -223.748799, -200.130909, -298.940358, -298.425742, -297.638586, -296.434769, -294.593512, -291.777349, -287.470061, -280.881449, -270.802745, -255.383361, -231.790221, -330.178513, -329.664913, -328.879302, -327.677736, -325.84013, -323.029322, -318.730032, -312.153228, -302.091646, -286.696437, -263.136131, -360.986805, -360.474547, -359.691126, -358.492982, -356.660306, -353.857149, -349.569013, -343.008838, -332.970966, -317.60905, -294.093464], "~chi_20": [107.351626, 107.351628, 107.351634, 107.351642, 107.351654, 107.351671, 107.351698, 107.351739, 107.351801, 107.351901, 107.352069, 107.352376, 140.28661, 140.286613, 140.286619, 140.286626, 140.286637, 140.286655, 140.286681, 140.28672, 140.28678, 140.286871, 140.287021, 140.287275, 172.936929, 172.936933, 172.936938, 172.936946, 172.93696, 172.936979, 172.937005, 172.937047, 172.93711, 172.937207, 172.93736, 172.93761, 205.325427, 205.325433, 205.32544, 205.325453, 205.32547, 205.325498, 205.325541, 205.32561, 205.325716, 205.325888, 205.326178, 237.458414, 237.458421, 237.458429, 237.458442, 237.458465, 237.458497, 237.458547, 237.458627, 237.458752, 237.458951, 237.459282, 269.32739, 269.327396, 269.327408, 269.327425, 269.327452, 269.327491, 269.327552, 269.327648, 269.327797, 269.328036, 269.328425, 300.905674, 300.905683, 300.905697, 300.905717, 300.90575, 300.905798, 300.905875, 300.905993, 300.906178, 300.90647, 300.906943, 332.142734, 332.142746, 332.142763, 332.14279, 332.142831, 332.142894, 332.14299, 332.143141, 332.143375, 332.143743, 332.144339, 362.948795, 362.948808, 362.94883, 362.948864, 362.948919, 362.949, 362.949127, 362.949326, 362.949631, 362.950114, 362.950885], "gm2": [2.725036e-09, 2.726484e-09, 2.72863e-09, 2.731821e-09, 2.736589e-09, 2.743761e-09, 2.754661e-09, 2.771468e-09, 2.797919e-09, 2.840744e-09, 2.912731e-09, 3.039338e-09, 2.721225e-09, 2.722138e-09, 2.723493e-09, 2.725513e-09, 2.728539e-09, 2.733112e-09, 2.740105e-09, 2.750985e-09, 2.768325e-09, 2.796888e-09, 2.846085e-09, 2.935797e-09, 2.721627e-09, 2.722133e-09, 2.722886e-09, 2.724012e-09, 2.725708e-09, 2.728292e-09, 2.732287e-09, 2.738597e-09, 2.748855e-09, 2.766202e-09, 2.797074e-09, 2.855696e-09, 2.723935e-09, 2.724177e-09, 2.724556e-09, 2.725154e-09, 2.726112e-09, 2.727684e-09, 2.730342e-09, 2.735027e-09, 2.743747e-09, 2.761101e-09, 2.798572e-09, 2.726909e-09, 2.726929e-09, 2.726964e-09, 2.72703e-09, 2.727163e-09, 2.727439e-09, 2.728038e-09, 2.729387e-09, 2.732536e-09, 2.74018e-09, 2.759638e-09, 2.72965e-09, 2.729523e-09, 2.729331e-09, 2.729047e-09, 2.728634e-09, 2.728051e-09, 2.72728e-09, 2.726396e-09, 2.72579e-09, 2.726817e-09, 2.7338e-09, 2.731947e-09, 2.731727e-09, 2.731393e-09, 2.730887e-09, 2.730128e-09, 2.729e-09, 2.727355e-09, 2.725037e-09, 2.721992e-09, 2.718657e-09, 2.717258e-09, 2.733441e-09, 2.733167e-09, 2.73275e-09, 2.732114e-09, 2.731152e-09, 2.7297e-09, 2.727532e-09, 2.724344e-09, 2.719795e-09, 2.713709e-09, 2.706877e-09, 2.734055e-09, 2.733753e-09, 2.733293e-09, 2.732591e-09, 2.731523e-09, 2.729902e-09, 2.727456e-09, 2.723792e-09, 2.718393e-09, 2.710689e-09, 2.700515e-09],