{"index": [0, 1, 2, 3, 4, 5, 6, 7, 8, 9, 10, 11, 12, 13, 14, 15, 16, 17, 18, 19, 20, 21, 22, 23, 24, 25, 26, 27, 28, 29, 30, 31, 32, 33, 34, 35, 36, 37, 38, 39, 40, 41, 42, 43, 44, 45, 46, 47, 48, 49], "M1": [-236.9637991680562, -217.0084914270803, -239.27770101419162, -187.66854983988875, -232.73987825383705, -240.51337731815224, -242.37350741851031, -129.50545682258004, -159.29878205841132, -198.94793202435946, -221.60589915267093, -237.9736540083638, -247.37714707734094, -102.5484101829449, -122.61738453940102, -154.7913684109157, -184.88209689297432, -216.03300010078632, -238.58794523394585, -258.55948757636344, -213.19453983384767, -96.10091722249824, -127.57019030710427, -160.0753242663062, -191.62491670594522, -222.0126726608767, -253.74532140412916, -297.94991496305704, -208.44799018228554, -320.7217394536044, -85.807870059231, -120.61620113433975, -154.29287905561748, -175.66106237279325, -201.9414122777028, -222.58095367966334, -245.8551468603576, -331.4633186980122, -74.27426057718998, -88.77154222810414, -136.93777358400635, -168.89236831582667, -190.3812204103289, -172.94262168775595, -187.31489249832785, -39.20735893444147, -71.38921029989882, -93.55369305921315, -123.24281197007518, -150.9884224192287], "M2": [250.87804568693855, 215.42848348918528, 263.5499679597385, 183.37599675952768, 240.1699724394901, 274.93945991047394, 286.103280149178, 125.96696502662111, 155.41946786560828, 197.16290561833992, 223.51127853849513, 253.95140246533546, 296.0355293240538, 99.99999999999994, 120.04923669017404, 151.4915873257494, 184.70613947508593, 221.91214336998883, 255.1809575612961, 285.12361694124723, 313.29109904186777, 100.0453412907485, 127.78227137299601, 159.61304820511168, 200.18073293971202, 238.07268580890323, 273.29661818400456, 309.91240102998347, 333.2352743799921, 349.8542818023153, 100.06844183196058, 132.628012946774, 161.6178290697623, 191.98408441002175, 225.3651150641177, 258.5430234254503, 290.02125832636267, 315.1060220903538, 100.07767424126716, 124.60445834671775, 165.59110665559592, 203.22639878834525, 237.74011572476476, 255.21551300794985, 280.57508233525476, 103.15447535295435, 134.77818898937093, 157.8049888339515, 190.65458278141284, 222.8086439466057], "~chi_10": [220.188144, 203.896169, -220.250558, -179.689089, -219.14709, -219.14709, -217.920654, -125.122842, -153.323923, -189.853222, 208.823656, -220.615913, 217.484996, -99.3552484, -118.549728, -149.076889, -177.037803, -204.474763, -220.939278, 220.24515, -191.969683, -93.1507244, -123.255669, -154.007969, -182.938514, -208.750093, 222.021793, 212.305078, -184.19673, 191.638566, -83.2423649, -116.556255, -148.47749, -168.194863, -191.513451, -207.381436, -219.116538, 209.952707, -72.1356737, -86.0141088, -131.888765, -161.572019, -180.407134, -163.708779, -175.183925, -38.3460363, -69.2685215, -90.4499305, -118.555618, -144.306445], "~chi_20": [-220.198628, -205.699769, 222.09298, 180.004789, 221.919432, 221.919432, 220.069602, 127.695757, 155.494478, 191.016552, -209.386111, 220.835338, -218.26409, 102.132605, 121.934545, 151.881844, 181.106859, 207.905125, 221.054398, -228.035824, 211.175223, 102.179286, 129.455561, 159.31479, 193.304927, 216.054648, -228.660576, -229.240188, 201.47799, -204.767438, 102.204901, 134.127437, 161.128776, 186.997624, 209.886518, 221.617019, 219.13876, -229.996651, 102.217398, 126.384583, 164.694873, 195.572357, 215.965766, 221.207105, 221.355316, 105.296216, 136.201296, 157.70174, 185.978197, 208.506214], "gm2": [2.729304e-09, 2.73995e-09, 2.726261e-09, 2.739905e-09, NaN, NaN, 2.719469e-09, 2.745954e-09, 2.741738e-09, 2.738987e-09, 2.737442e-09, 2.730286e-09, 2.716765e-09, 2.747856e-09, 2.749171e-09, 2.742168e-09, 2.738397e-09, 2.735706e-09, 2.730181e-09, 2.725878e-09, 2.701001e-09, 2.755678e-09, 2.746143e-09, 2.740566e-09, 2.734868e-09, 2.729621e-09, 2.727865e-09, 2.729583e-09, 2.697101e-09, 2.724651e-09, 2.771241e-09, 2.748237e-09, 2.739171e-09, 2.732838e-09, 2.728327e-09, 2.72207e-09, 2.719117e-09, 2.739608e-09, 2.793912e-09, 2.780829e-09, 2.738404e-09, 2.726882e-09, 2.717778e-09, 2.707723e-09, 2.702585e-09, 2.909609e-09, 2.809362e-09, 2.767335e-09, 2.732791e-09, 2.716909e-09], "omega_dm": [0.0040053, 0.0020108, 0.0063181, 0.0020406, NaN, NaN, 0.0073647, 0.0021396, 0.0025156, 0.0029193, 0.0025774, 0.0043576, 0.0049664, 0.0018795, 0.0026763, 0.0028785, 0.0049882, 0.0057774, 0.0043209, 0.0035041, 0.04556, 0.028286, 0.0070691, 0.0058524, 0.019812, 0.012674, 0.0032115, 0.0038381, 0.033939, 0.0039612, 1.1301, 0.25012, 0.03962, 0.11737, 0.076966, 0.037509, 0.0054144, 0.0039037, 2.4485, 1.9944, 1.0914, 0.75797, 0.3361, 0.95346, 0.2971, 1.3611, 2.5571, 1.882, 1.4147, 1.1871], "dd_pval": [0.0, 0.0, 0.0, 0.03565, NaN, NaN, 0.0, 0.5, 0.2861, 0.00508, 0.0, 0.0, 0.0, 0.5, 0.5, 0.33608, 0.03884, 1e-05, 0.0, 0.0, 0.0, 0.5, 0.5, 0.25726, 0.00754, 0.0, 0.0, 0.0, 0.0, 0.0, 0.5, 0.5, 0.2799, 0.04326, 7e-05, 0.0, 0.0, 0.0, 0.5, 0.5, 0.35518, 0.03295, 6e-05, 7e-05, 0.0, 0.17432, 0.42641, 0.48216, 0.2747, 0.02933], "cx": [NaN, NaN, NaN, NaN, NaN, NaN, NaN, NaN, NaN, NaN, NaN, NaN, NaN, NaN, NaN, NaN, NaN, NaN, NaN, NaN, NaN, NaN, NaN, NaN, NaN, NaN, NaN, NaN, NaN, NaN, NaN, NaN, NaN, NaN, NaN, NaN, NaN, NaN, NaN, NaN, NaN, NaN, NaN, NaN, NaN, NaN, NaN, NaN, NaN, NaN], "r": [0.507988704765, 0.647972634989, 0.47597215167, 1.16198593531, 0.501332410133, 0.484598196746, 0.557889325895, 1.82352650867, 1.44491660102, 0.9758588103, 0.63890812751, 0.48596359002, 0.592978775398, 1.35739005216, 1.70688755764, 1.45197263912, 1.12258966152, 0.637363529698, 0.475344684854, 0.478309355512, 0.614453763434, 11.3172710984, 1.44986942296, 1.29806568335, 0.764058351745, 0.442747702861, 0.466276971689, 0.492114051441, 0.798489313178, 1.22251810312, 3.84289070176, 3.42973219095, 2.09301376892, 0.666824639566, 0.453750581555, 0.339573003769, 0.557293919843, 0.579849474596, 2.13563799835, 1.15849070572, 1.27697737825, 0.620700848278, 0.42923025016, 0.538651037334, 0.52332452789, 9.13162638036, 2.36147661549, 0.734220955932, 0.691761020187, 0.531890424092], "analysis": ["atlas_1908_08215\n", "atlas_1908_08215\n", "atlas_1908_08215\n", "atlas_1908_08215\n", "atlas_1908_08215\n", "atlas_1908_08215\n", "atlas_1908_08215\n", "atlas_1908_08215\n", "atlas_1908_08215\n", "atlas_1908_08215\n", "atlas_1908_08215\n", "atlas_1908_08215\n", "atlas_1908_08215\n", "atlas_1908_08215\n", "atlas_1908_08215\n", "atlas_1908_08215\n", "atlas_1908_08215\n", "atlas_1908_08215\n", "atlas_1908_08215\n", "atlas_1908_08215\n", "atlas_1908_08215\n", "atlas_1911_12606\n", "atlas_1712_08119\n", "atlas_1908_08215\n", "atlas_1908_08215\n", "atlas_1908_08215\n", "atlas_1908_08215\n", "atlas_1908_08215\n", "atlas_1908_08215\n", "atlas_1908_08215\n", "atlas_1911_12606\n", "atlas_1911_12606\n", "atlas_1911_12606\n", "atlas_1908_08215\n", "atlas_1908_08215\n", "atlas_1908_08215\n", "atlas_1908_08215\n", "atlas_1908_08215\n", "atlas_1911_12606\n", "atlas_1911_12606\n", "atlas_1911_12606\n", "atlas_1908_08215\n", "atlas_1908_08215\n", "atlas_1908_08215\n", "atlas_1908_08215\n", "atlas_conf_2016_096\n", "atlas_conf_2016_096\n", "atlas_1908_08215\n", "atlas_1908_08215\n", "atlas_1908_08215\n"], "tanB": 20, "m_sleptons": 300, "sign_M1": -1.0,