{"index": [0, 1, 3, 2, 4, 5, 6, 8, 7, 9, 10, 11, 12, 13, 14, 16, 15, 17, 18, 19, 20, 21, 22, 23, 24, 25, 26, 27, 28, 29, 30, 31, 32, 33, 34, 35, 36, 37, 38, 39, 40, 41, 42, 43, 44, 45, 46, 47, 48, 49, 50, 51, 52, 53, 54, 55, 56, 57, 58, 59, 60, 61, 62, 63, 64, 65, 66, 67, 68, 69, 70, 71, 72, 73, 74, 75, 76, 77], "M1": [-103.42649438413159, -102.95507597434477, -101.24076738373424, -102.26142224747203, -99.73895702719199, -97.52916562056723, -94.27763786307085, -82.45348791142727, -89.49328006075783, -72.0950081418296, -56.85335031143928, -34.42649438413156, -135.54488021676406, -135.07346180697724, -134.37980808010448, -131.85734285982446, -133.3591532163667, -129.6475514531997, -126.39602369570332, -121.6116658933903, -114.57187374405974, -104.21339397446206, -88.97173614407174, -66.54488021676403, -166.42681756162614, -165.95539915183932, -165.26174542496656, -164.2410905612288, -162.73928020468654, -160.52948879806178, -157.2779610405654, -152.49360323825238, -145.45381108892184, -135.09533131932415, -119.85367348893382, -97.42681756162611, -195.23452764140518, -194.76310923161836, -194.0694555047456, -193.04880064100783, -191.54699028446558, -189.33719887784082, -186.08567112034444, -181.30131331803142, -174.26152116870088, -163.9030413991032, -148.66138356871286, -126.23452764140515, -220.45070730844608, -219.97928889865926, -219.2856351717865, -218.26498030804873, -216.76316995150648, -214.55337854488172, -211.30185078738535, -206.51749298507232, -199.47770083574179, -189.1192210661441, -173.87756323575377, -151.45070730844606, -241.12640722043054, -239.32988541728517, -236.1711623964163, -230.61735775842178, -220.8524161180101, -203.68326965788575, -173.4957272204305, -270.81935575652744, -260.88376036497243, -243.88239299305064, -214.79037775652742, -312.8060273026357, -295.3060593803551, -260.25867330263566, -348.9, -338.8579534147417, -321.99783628770217, -293.6905039999999], "M2": [100.0, 100.0, 100.0, 100.0, 100.0, 100.0, 100.0, 100.0, 100.0, 100.0, 100.0, 100.0, 131.25, 131.25, 131.25, 131.25, 131.25, 131.25, 131.25, 131.25, 131.25, 131.25, 131.25, 131.25, 162.5, 162.5, 162.5, 162.5, 162.5, 162.5, 162.5, 162.5, 162.5, 162.5, 162.5, 162.5, 193.75, 193.75, 193.75, 193.75, 193.75, 193.75, 193.75, 193.75, 193.75, 193.75, 193.75, 193.75, 225.0, 225.0, 225.0, 225.0, 225.0, 225.0, 225.0, 225.0, 225.0, 225.0, 225.0, 225.0, 256.25, 256.25, 256.25, 256.25, 256.25, 256.25, 256.25, 287.5, 287.5, 287.5, 287.5, 318.75, 318.75, 318.75, 350.0, 350.0, 350.0, 350.0], "~chi_10": [-99.7465533, -99.7465533, -98.0970965, -99.079108, -96.6519586, -94.525426, -91.3960409, -80.0127644, -86.7906661, -70.0368436, -55.3532855, -33.7410386, -130.876106, -130.424501, -129.759898, -127.342852, -128.78203, -125.225094, -122.10807, -117.520303, -110.7667, -100.823492, -86.1821654, -64.6207873, -160.006143, -159.55829, -158.899168, -157.929283, -156.501775, -154.400582, -151.307401, -146.752897, -140.04519, -130.163284, -115.600558, -94.134058, -186.498456, -186.058408, -185.410763, -184.457321, -183.053693, -180.98669, -177.941851, -173.454489, -166.837699, -157.074629, -142.659908, -121.366239, -208.259598, -207.838006, -207.21712, -206.302625, -204.95479, -202.967007, -200.032845, -195.696584, -189.279488, -179.768787, -165.654495, -144.692062, 221.222438, 221.22595, -218.847144, -214.319102, -206.150465, -191.292424, -164.169268, 219.649535, 219.677522, -218.539589, -197.478396, 208.314607, 208.369185, 208.491221, 191.459528, 191.491536, 191.547968, 191.651347], "~chi_20": [102.132514, 102.132514, 102.132898, 102.132669, 102.13324, 102.133751, 102.134523, 102.13755, 102.135705, 102.140522, 102.145565, 102.154933, 132.802516, 132.80264, 132.802824, 132.803499, 132.803096, 132.8041, 132.805003, 132.80637, 132.808473, 132.811779, 132.817174, 132.826526, 161.918264, 161.918438, 161.918696, 161.919077, 161.919641, 161.920481, 161.921736, 161.923627, 161.92651, 161.930984, 161.938129, 161.950087, 188.375445, 188.375727, 188.376142, 188.376756, 188.377664, 188.379014, 188.381026, 188.384048, 188.388631, 188.395687, 188.40681, 188.425014, 209.661141, 209.66165, 209.662401, 209.663511, 209.665152, 209.667588, 209.671216, 209.676652, 209.68487, 209.697463, 209.717164, 209.74901, -222.802274, -221.378259, 221.23219, 221.243365, 221.263669, 221.301543, 221.375781, -233.182219, -228.428311, 219.728143, 219.823724, -225.651318, -223.266157, -214.910385, -206.202428, -205.721814, -204.747743, -202.408261], "gm2": [2.747415e-09, 2.747415e-09, 2.749312e-09, 2.748171e-09, 2.751054e-09, 2.753759e-09, 2.758055e-09, 2.777107e-09, 2.765092e-09, 2.79876e-09, 2.840487e-09, 2.927301e-09, 2.742527e-09, 2.742627e-09, 2.742781e-09, 2.74342e-09, 2.743025e-09, 2.74408e-09, 2.745231e-09, 2.747333e-09, 2.751383e-09, 2.75966e-09, 2.77773e-09, 2.820275e-09, 2.740754e-09, 2.740651e-09, 2.740503e-09, 2.740295e-09, 2.740009e-09, 2.73963e-09, 2.73917e-09, 2.738716e-09, 2.738573e-09, 2.73965e-09, 2.744557e-09, 2.761008e-09, 2.738942e-09, 2.738754e-09, 2.73848e-09, 2.73808e-09, 2.737503e-09, 2.736677e-09, 2.735511e-09, 2.733915e-09, 2.731847e-09, 2.729502e-09, 2.727885e-09, 2.730719e-09, 2.736283e-09, 2.736074e-09, 2.735767e-09, 2.735317e-09, 2.73466e-09, 2.733706e-09, 2.732327e-09, 2.730361e-09, 2.727618e-09, 2.723959e-09, 2.719591e-09, 2.716135e-09, 2.730957e-09, 2.730192e-09, 2.728857e-09, 2.726547e-09, 2.722618e-09, 2.716255e-09, 2.707647e-09, 2.730031e-09, 2.726187e-09, 2.719739e-09, 2.709482e-09, 2.733246e-09, 2.721644e-09, 2.715913e-09, 2.732051e-09, 2.729432e-09, 2.724956e-09, 2.71727e-09], "omega_dm": [0.0015996, 0.0015996, 0.0031759, 0.0021068, 0.0058962, 0.01504, 0.060241, 1.8925, 0.38627, 2.5416, 2.7605, 3.9827, 0.0018328, 0.0021132, 0.0026013, 0.0055674, 0.0035317, 0.011045, 0.030889, 0.13434, 0.71189, 1.6072, 1.9923, 2.7268, 0.0025176, 0.0028251, 0.0033387, 0.0042592, 0.0060961, 0.010402, 0.023164, 0.074731, 0.33587, 1.0805, 1.447, 1.7994, 0.003318, 0.0036531, 0.004197, 0.0051318, 0.0068822, 0.010611, 0.020197, 0.05205, 0.19195, 0.69487, 1.1844, 1.384, 0.0040509, 0.0043981, 0.0049466, 0.0058538, 0.0074638, 0.010634, 0.017878, 0.03796, 0.10386, 0.29833, 0.93265, 1.1823, 0.0033565, 0.0041081, 0.0065085, 0.013124, 0.042395, 0.17776, 0.93918, 0.0033906, 0.0035229, 0.0064408, 0.072464, 0.0039413, 0.0039489, 0.0041414, 0.0039727, 0.0039679, 0.0039605, 0.0039542], "dd_pval": [0.5, 0.5, 0.5, 0.5, 0.5, 0.5, 0.5, 0.5, 0.5, 0.5, 0.3524, 0.14637, 0.5, 0.5, 0.5, 0.5, 0.5, 0.5, 0.5, 0.5, 0.5, 0.5, 0.5, 0.39135, 0.20441, 0.20706, 0.21097, 0.21677, 0.22538, 0.23817, 0.25719, 0.28538, 0.32639, 0.3828, 0.44732, 0.47128, 0.00975, 0.01014, 0.01074, 0.01168, 0.01317, 0.01563, 0.01984, 0.02751, 0.04231, 0.07244, 0.13409, 0.24305, 0.0, 0.0, 0.0, 0.0, 0.0, 1e-05, 1e-05, 3e-05, 0.00012, 0.00059, 0.00373, 0.02464, 0.0, 0.0, 0.0, 0.0, 0.0, 0.0, 5e-05, 0.0, 0.0, 0.0, 0.0, 0.0, 0.0, 0.0, 0.0, 0.0, 0.0, 0.0], "cx": [NaN, NaN, NaN, NaN, NaN, NaN, NaN, NaN, NaN, NaN, NaN, NaN, NaN, NaN, NaN, NaN, NaN, NaN, NaN, NaN, NaN, NaN, NaN, NaN, NaN, NaN, NaN, NaN, NaN, NaN, NaN, NaN, NaN, NaN, NaN, NaN, NaN, NaN, NaN, NaN, NaN, NaN, NaN, NaN, NaN, NaN, NaN, NaN, NaN, NaN, NaN, NaN, NaN, NaN, NaN, NaN, NaN, NaN, NaN, NaN, NaN, NaN, NaN, NaN, NaN, NaN, NaN, NaN, NaN, NaN, NaN, NaN, NaN, NaN, NaN, NaN, NaN, NaN], "r": [NaN, NaN, NaN, NaN, NaN, NaN, NaN, NaN, NaN, NaN, NaN, NaN, NaN, NaN, NaN, NaN, NaN, NaN, NaN, NaN, NaN, NaN, NaN, NaN, NaN, NaN, NaN, NaN, NaN, NaN, NaN, NaN, NaN, NaN, NaN, NaN, NaN, NaN, NaN, NaN, NaN, NaN, NaN, NaN, NaN, NaN, NaN, NaN, NaN, NaN, NaN, NaN, NaN, NaN, NaN, NaN, NaN, NaN, NaN, NaN, NaN, NaN, NaN, NaN, NaN, NaN, NaN, NaN, NaN, NaN, NaN, NaN, NaN, NaN, NaN, NaN, NaN, NaN], "analysis": ["", "", "", "", "", "", "", "", "", "", "", "", "", "", "", "", "", "", "", "", "", "", "", "", "", "", "", "", "", "", "", "", "", "", "", "", "", "", "", "", "", "", "", "", "", "", "", "", "", "", "", "", "", "", "", "", "", "", "", "", "", "", "", "", "", "", "", "", "", "", "", "", "", "", "", "", "", ""], "tanB": 20,