{"index": [0, 3, 1, 2, 4, 5, 6, 7, 9, 10, 8, 11, 12, 13, 15, 14, 16, 17, 18, 19, 20, 21, 22, 23, 24, 26, 25, 27, 28, 29, 30, 31, 32, 33, 35, 34, 36, 37, 38, 39, 40, 41, 42, 43, 44, 45, 46, 47, 48, 49, 50, 51, 52, 53, 54, 55, 56, 58, 57, 59, 60, 61, 62, 63, 64, 65, 66, 67, 68, 69, 70, 72, 71, 73, 74, 75, 76, 77, 78, 79, 80, 81, 82, 84, 83, 85, 86, 87, 88, 90, 89, 91, 92], "M1": [130.0853327507401, 127.19817255703087, 129.43148079823953, 128.50655472732245, 125.34736095449959, 122.72923937974521, 119.02569625800358, 113.78673723224229, 95.89245654249031, 81.06291277041323, 106.37580916379885, 60.085332750740086, 148.73178248065773, 148.07937325038029, 145.84999643487214, 147.1562278492538, 144.00170633253785, 141.3864145360195, 137.6858314012086, 132.4495837458312, 125.04040294658775, 114.55656724422133, 99.72215922904158, 78.73178248065773, 169.88435499165632, 168.24990316208434, 169.2055459554412, 166.90452751183216, 165.01047708538206, 162.34398983532432, 158.59004846426652, 153.30516445927677, 145.86498460949758, 135.39053027051972, 99.88435499165632, 120.64435532387652, 193.98742966517028, 193.28132099809915, 192.29226046954074, 190.90686361099495, 188.9663105303195, 186.24813902899842, 182.44074185745467, 177.10764451064128, 169.63746842206265, 159.17384340915797, 144.51723463415422, 123.98742966517028, 221.4526747249265, 220.71924969760846, 219.69693431819422, 218.27193694823984, 216.28564431754475, 213.5169666357887, 209.6577285824453, 204.27836700109745, 196.78011718522737, 171.75975151890546, 186.32836571788897, 151.45267472492654, 252.71319776243323, 251.9427563951365, 250.875658082329, 249.39767564585637, 247.3505989554486, 244.5152993788095, 240.5882732312506, 235.14915332636502, 227.61571091266669, 217.181531193714, 202.72969092883892, 287.6980181655034, 182.71319776243325, 286.5814576319214, 285.04274696005496, 282.92227927334557, 280.0001033941566, 275.97310882006576, 270.4235847769552, 262.77589205265696, 252.2367532813074, 237.7129681285826, 217.6980181655034, 325.7849721652786, 327.40299778474326, 323.5681412315174, 320.5308967467815, 316.36961682255753, 310.66831398217903, 292.15496367011673, 302.85705045999, 277.49220631560866, 257.40299778474326], "M2": [119.99999999999996, 119.99999999999996, 119.99999999999996, 119.99999999999996, 119.99999999999996, 119.99999999999996, 119.99999999999996, 119.99999999999996, 119.99999999999996, 119.99999999999996, 119.99999999999996, 119.99999999999996, 137.18040978107922, 137.18040978107922, 137.18040978107922, 137.18040978107922, 137.18040978107922, 137.18040978107922, 137.18040978107922, 137.18040978107922, 137.18040978107922, 137.18040978107922, 137.18040978107922, 137.18040978107922, 156.8205402308735, 156.8205402308735, 156.8205402308735, 156.8205402308735, 156.8205402308735, 156.8205402308735, 156.8205402308735, 156.8205402308735, 156.8205402308735, 156.8205402308735, 156.8205402308735, 156.8205402308735, 179.2725497580121, 179.2725497580121, 179.2725497580121, 179.2725497580121, 179.2725497580121, 179.2725497580121, 179.2725497580121, 179.2725497580121, 179.2725497580121, 179.2725497580121, 179.2725497580121, 179.2725497580121, 204.93901531919204, 204.93901531919204, 204.93901531919204, 204.93901531919204, 204.93901531919204, 204.93901531919204, 204.93901531919204, 204.93901531919204, 204.93901531919204, 204.93901531919204, 204.93901531919204, 204.93901531919204, 234.2801508468137, 234.2801508468137, 234.2801508468137, 234.2801508468137, 234.2801508468137, 234.2801508468137, 234.2801508468137, 234.2801508468137, 234.2801508468137, 234.2801508468137, 234.2801508468137, 267.8220591394914, 234.2801508468137, 267.8220591394914, 267.8220591394914, 267.8220591394914, 267.8220591394914, 267.8220591394914, 267.8220591394914, 267.8220591394914, 267.8220591394914, 267.8220591394914, 267.8220591394914, 306.1661651763989, 306.1661651763989, 306.1661651763989, 306.1661651763989, 306.1661651763989, 306.1661651763989, 306.1661651763989, 306.1661651763989, 306.1661651763989, 306.1661651763989], "gm2": [2.796565e-09, 2.790043e-09, 2.793883e-09, 2.790043e-09, 2.776513e-09, 2.764806e-09, 2.747459e-09, 2.721291e-09, 2.509167e-09, 2.509167e-09, 2.680856e-09, 2.321878e-09, 2.855508e-09, 2.853397e-09, 2.846002e-09, 2.85037e-09, 2.830329e-09, 2.830329e-09, 2.795295e-09, 2.795295e-09, 2.762309e-09, 2.709017e-09, 2.619024e-09, 2.458512e-09, 2.884987e-09, 2.881559e-09, 2.883577e-09, 2.878648e-09, 2.874411e-09, 2.868164e-09, 2.858796e-09, 2.844426e-09, 2.821727e-09, 2.7845e-09, 2.60412e-09, 2.720523e-09, 2.884615e-09, 2.883839e-09, 2.882723e-09, 2.881104e-09, 2.878724e-09, 2.875165e-09, 2.869726e-09, 2.861179e-09, 2.847282e-09, 2.823731e-09, 2.781824e-09, 2.702861e-09, 2.853267e-09, 2.853056e-09, 2.852739e-09, 2.852253e-09, 2.851488e-09, 2.850249e-09, 2.848173e-09, 2.844576e-09, 2.838109e-09, 2.802549e-09, 2.802549e-09, 2.754745e-09, 2.787182e-09, 2.787465e-09, 2.78784e-09, 2.788326e-09, 2.788936e-09, 2.789653e-09, 2.790396e-09, 2.790921e-09, 2.79062e-09, 2.788053e-09, 2.779859e-09, 2.733175e-09, 2.758072e-09, 2.733926e-09, 2.734943e-09, 2.736313e-09, 2.738137e-09, 2.740526e-09, 2.743567e-09, 2.747248e-09, 2.751256e-09, 2.754481e-09, 2.753743e-09, 2.721865e-09, 2.72062e-09, 2.723554e-09, 2.725837e-09, 2.728904e-09, 2.732984e-09, 2.74512e-09, 2.738325e-09, 2.753295e-09, 2.761908e-09], "omega_dm": [0.0017309, 0.002861, 0.0021321, 0.002861, 0.0079931, 0.019289, 0.066833, 0.30252, 1.2474, 1.2474, 0.82375, 1.5724, 0.002075, 0.0024899, 0.0046195, 0.003215, 0.01651, 0.01651, 0.18328, 0.18328, 0.49561, 0.63233, 0.73099, 0.98991, 0.0025195, 0.0037516, 0.0029769, 0.0051894, 0.0082291, 0.01595, 0.04085, 0.14005, 0.4259, 0.61561, 0.82869, 0.67846, 0.0030592, 0.003565, 0.0043975, 0.0058836, 0.0088583, 0.015849, 0.036167, 0.10954, 0.34413, 0.57409, 0.6264, 0.70687, 0.00378, 0.0043496, 0.005262, 0.0068327, 0.0098225, 0.016367, 0.033618, 0.089524, 0.27097, 0.58375, 0.58375, 0.61949, 0.0047205, 0.0053536, 0.0063304, 0.0079316, 0.010786, 0.016499, 0.029836, 0.067031, 0.18094, 0.41942, 0.57118, 0.0059363, 0.60074, 0.0070114, 0.0087389, 0.011755, 0.017653, 0.031103, 0.06848, 0.19535, 0.58607, 0.99159, 1.0461, 0.0093956, 0.0076242, 0.012358, 0.017827, 0.029422, 0.058866, 0.4671, 0.15127, 1.0531, 1.2591], "dd_pval": [0.5, 0.5, 0.5, 0.5, 0.5, 0.5, 0.5, 0.5, 0.5, 0.5, 0.5, 0.5, 0.5, 0.5, 0.5, 0.5, 0.5, 0.5, 0.5, 0.5, 0.5, 0.5, 0.5, 0.5, 0.5, 0.5, 0.5, 0.5, 0.5, 0.5, 0.5, 0.5, 0.5, 0.5, 0.5, 0.5, 0.5, 0.5, 0.5, 0.5, 0.5, 0.5, 0.5, 0.5, 0.5, 0.5, 0.5, 0.5, 0.5, 0.5, 0.5, 0.5, 0.5, 0.5, 0.5, 0.5, 0.5, 0.5, 0.5, 0.5, 0.5, 0.5, 0.5, 0.5, 0.5, 0.5, 0.5, 0.5, 0.5, 0.5, 0.5, 0.05087, 0.5, 0.14054, 0.26, 0.37147, 0.45831, 0.5, 0.5, 0.5, 0.5, 0.5, 0.5, 0.00221, 6e-05, 0.02141, 0.07532, 0.1505, 0.22423, 0.3355, 0.28627, 0.3741, 0.40409], "cx": [NaN, NaN, NaN, NaN, NaN, NaN, NaN, NaN, NaN, NaN, NaN, NaN, NaN, NaN, NaN, NaN, NaN, NaN, NaN, NaN, NaN, NaN, NaN, NaN, NaN, NaN, NaN, NaN, NaN, NaN, NaN, NaN, NaN, NaN, NaN, NaN, NaN, NaN, NaN, NaN, NaN, NaN, NaN, NaN, NaN, NaN, NaN, NaN, NaN, NaN, NaN, NaN, NaN, NaN, NaN, NaN, NaN, NaN, NaN, NaN, NaN, NaN, NaN, NaN, NaN, NaN, NaN, NaN, NaN, NaN, NaN, NaN, NaN, NaN, NaN, NaN, NaN, NaN, NaN, NaN, NaN, NaN, NaN, NaN, NaN, NaN, NaN, NaN, NaN, NaN, NaN, NaN, NaN], "r": [NaN, NaN, NaN, NaN, NaN, NaN, NaN, NaN, NaN, NaN, NaN, NaN, NaN, NaN, NaN, NaN, NaN, NaN, NaN, NaN, NaN, NaN, NaN, NaN, NaN, NaN, NaN, NaN, NaN, NaN, NaN, NaN, NaN, NaN, NaN, NaN, NaN, NaN, NaN, NaN, NaN, NaN, NaN, NaN, NaN, NaN, NaN, NaN, NaN, NaN, NaN, NaN, NaN, NaN, NaN, NaN, NaN, NaN, NaN, NaN, NaN, NaN, NaN, NaN, NaN, NaN, NaN, NaN, NaN, NaN, NaN, NaN, NaN, NaN, NaN, NaN, NaN, NaN, NaN, NaN, NaN, NaN, NaN, NaN, NaN, NaN, NaN, NaN, NaN, NaN, NaN, NaN, NaN],