{"index": [0, 1, 2, 3, 4, 5, 6, 7, 8, 9, 10, 11], "M1": [127.4479689489407, 183.780391513305, 241.87185557869464, 119.48319274292687, 173.24176353349014, 226.20088405312958, 289.23325478035497, 154.89192889654123, 202.62966941987324, 305.7494438561934, 261.3043378084729, 318.646407692543], "M2": [120.21425595610613, 171.5539798020155, 227.56427771125954, 120.2496734015928, 165.83561283033296, 220.19781903724314, 278.0771992835478, 164.29629648030024, 215.33517925681767, 304.0237553305964, 277.50172232633645, 339.8672171642212], "gm2": [2.753308e-09, 2.753141e-09, 2.742952e-09, 2.739244e-09, 2.750628e-09, 2.743673e-09, 2.737443e-09, 2.73382e-09, 2.738484e-09, 2.739858e-09, 2.74217e-09, 2.747332e-09], "omega_dm": [0.0028271, 0.0029096, 0.0053628, 0.042359, 0.0077974, 0.020386, 0.014537, 0.44671, 0.55141, 0.054278, 0.56617, 0.5213], "dd_pval": [0.12956, 0.08599, 0.01889, 0.14168, 0.11722, 0.13811, 0.01018, 0.11605, 0.12716, 0.01851, 0.15728, 0.00835], "cx": [NaN, NaN, NaN, NaN, NaN, NaN, NaN, NaN, NaN, NaN, NaN, NaN], "r": [0.956597228524, 0.688097152968, 0.434019482995, 5.23671735478, 1.26407038752, 1.18589054945, 0.241075172514, 1.36573136038, 0.532339317887, 0.164501585799, 0.288002960854, 0.0928346816302], "analysis": ["atlas_conf_2019_040\n", "atlas_conf_2019_040\n", "atlas_conf_2019_040\n", "atlas_1911_12606\n", "atlas_1911_12606\n", "atlas_1911_12606\n", "atlas_conf_2019_040\n", "atlas_1911_12606\n", "atlas_1911_12606\n", "atlas_conf_2019_040\n", "atlas_1911_12606\n", "atlas_1911_12606\n"], "~chi_10": [124.58197, 179.55091, 236.064798, 116.871213, 169.454, 221.146986, 282.016621, 151.572956, 198.208235, 298.017127, 255.215165, 310.184483], "~chi_20": [128.467483, 182.444276, 240.296267, 128.415415, 176.279709, 232.398656, 291.189151, 174.592376, 227.324156, 316.586243, 290.177941, 350.733833], "tanB": 50, "m_sleptons": 500, "sign_M1": 1.0, "mu": [895.4463164822648, 909.3615077408857, 839.6812470298537, 895.482354675574, 912.3596162029512, 851.4460369827607, 748.1492177654816, 913.1666713285986, 859.2120393680239, 699.3126929748431, 749.2323786534365, 634.9442553106715]}