{"index": [1, 0, 2, 3, 4, 5, 6, 7, 8, 9, 10, 11, 12, 13, 14, 15, 16, 17, 18, 19, 20, 21, 22, 23, 24, 25, 26, 27, 28, 29, 30, 31, 32, 33, 34, 35, 36, 37, 38, 39, 40, 41, 42, 43, 44, 45, 46, 47, 48, 49], "M1": [143.75206424470977, 106.26186071925119, 182.58929771049483, 229.62296713809425, 265.03281757522313, 103.7483556395092, 140.8376993647859, 180.4984387431985, 219.86900246541936, 267.58708662983116, 306.25353106869545, 99.38690493699595, 137.73397809044013, 178.13472739863744, 222.23286544637867, 269.08879190418946, 321.14487633550345, 349.3247961529835, 94.71624722891286, 132.47620104236546, 172.12679180171463, 211.80285513290187, 252.54332627991027, 297.5262472857446, 338.746890399591, 358.3381496548583, 84.76706459435694, 117.5884036071875, 158.9537865223732, 198.2950153232359, 238.7143501858764, 279.51224970154954, 318.1403181405126, 345.17862233347176, 68.58856369417781, 95.5318670427974, 137.15271261671592, 176.63479411338494, 217.92271365795452, 260.16208496139024, 297.0354740003871, 327.0313668744979, 42.1345952986123, 75.16863304335608, 115.06934360971624, 154.52157942039784, 194.5209729709755, 222.39400079834826, 260.14587849460474, 298.0821448987999], "M2": [133.31991280071674, 100.23323969172684, 169.68589764772076, 214.28618262360644, 248.16040916518898, 100.26578338706413, 132.1573409922527, 169.37045464932714, 206.9860294775688, 252.71403009982637, 288.03371861084923, 100.27045527927172, 132.77809805300686, 170.4807706067249, 212.6637737121134, 257.92971875868125, 304.2122440038254, 331.42653871097406, 100.27153748107307, 135.04038130873408, 170.64380869497705, 208.91538750191282, 248.65723386333062, 289.5114976985515, 326.94757182593463, 349.8321414846095, 100.2709127963115, 132.7820971314085, 169.00494457956069, 206.9241938498395, 246.13839805739926, 284.4275254370412, 319.0789063676131, 349.77927536344106, 100.26964860305992, 130.31715752675697, 166.54873567795852, 204.1196432034548, 243.03492494245884, 283.67915793862556, 319.01063315663936, 349.8000859742766, 100.77266866587934, 134.4963064914327, 171.5201173248677, 208.53845829814466, 246.56036804668946, 273.30398674168526, 310.30615944980434, 347.6388604416201], "gm2": [2.758299e-09, 2.754135e-09, 2.755345e-09, 2.745528e-09, 2.740099e-09, 2.748808e-09, 2.756585e-09, 2.75409e-09, 2.747797e-09, 2.739226e-09, 2.735375e-09, 2.739247e-09, 2.750851e-09, 2.751488e-09, 2.745238e-09, 2.738836e-09, 2.734872e-09, 2.733708e-09, 2.728459e-09, 2.738049e-09, 2.746512e-09, 2.744666e-09, 2.741123e-09, 2.738055e-09, 2.735475e-09, 2.740027e-09, 2.703481e-09, 2.716486e-09, 2.735059e-09, 2.740568e-09, 2.741475e-09, 2.740924e-09, 2.739299e-09, 2.744283e-09, 2.656668e-09, 2.672428e-09, 2.708767e-09, 2.729025e-09, 2.73922e-09, 2.743594e-09, 2.744915e-09, 2.749807e-09, 2.561152e-09, 2.605501e-09, 2.666943e-09, 2.707172e-09, 2.73147e-09, 2.741249e-09, 2.749331e-09, 2.756159e-09], "omega_dm": [0.0019794, 0.0026713, 0.0028989, 0.0043807, 0.0056654, 0.0073705, 0.0031634, 0.0042994, 0.0060558, 0.0081284, 0.0073346, 0.045325, 0.0096548, 0.0096151, 0.011956, 0.014786, 0.009822, 0.010214, 0.30301, 0.09984, 0.040986, 0.039938, 0.041874, 0.027709, 0.019585, 0.026954, 5.7059, 2.5044, 0.57167, 0.34638, 0.24615, 0.15427, 0.084454, 0.1004, 8.6962, 5.0243, 3.0575, 2.2291, 1.5565, 1.0667, 0.68422, 0.45968, 3.9033, 7.226, 3.825, 2.729, 2.1807, 1.9435, 1.6247, 1.1507], "dd_pval": [0.00507, 0.02972, 0.00322, 0.00023, 0.0, 0.09171, 0.04882, 0.03811, 0.01327, 0.00015, 0.0, 0.16056, 0.17045, 0.14568, 0.06574, 0.00445, 0.0, 0.0, 0.19656, 0.28114, 0.25573, 0.17408, 0.05882, 0.00068, 0.0, 0.0, 0.22391, 0.32442, 0.3317, 0.26331, 0.13538, 0.02355, 0.00016, 0.0, 0.22186, 0.32396, 0.36491, 0.31906, 0.2042, 0.06617, 0.00574, 3e-05, 0.19299, 0.30729, 0.36035, 0.32963, 0.23256, 0.14288, 0.03754, 0.0013], "cx": [NaN, NaN, NaN, NaN, NaN, NaN, NaN, NaN, NaN, NaN, NaN, NaN, NaN, NaN, NaN, NaN, NaN, NaN, NaN, NaN, NaN, NaN, NaN, NaN, NaN, NaN, NaN, NaN, NaN, NaN, NaN, NaN, NaN, NaN, NaN, NaN, NaN, NaN, NaN, NaN, NaN, NaN, NaN, NaN, NaN, NaN, NaN, NaN, NaN, NaN], "r": [0.609895943554, 0.733983283647, 0.354355221113, 0.438404336868, 0.436977576959, 2.13525421708, 0.448639609947, 0.338493538222, 0.416143881261, 0.405248473771, 0.377554370339, 4.98081412912, 1.41369341759, 1.92366712975, 0.408518610922, 0.356381036798, 0.313595673705, 0.252022380265, 4.12332171186, 2.63076773502, 3.22444735956, 0.675338077566, 0.304310635001, 0.287369617549, 0.215373579339, 0.152932931521, 3.11934530593, 2.03778052381, 1.09532352138, 0.694447476852, 0.327744315468, 0.246513717261, 0.0916655066765, 0.127154892497, 2.93341210738, 2.24959752522, 1.78749447071, 1.06002719567, 0.675940037865, 0.431026823886, 0.2071872545, 0.164660222053, 9.5615489783, 4.73353235665, 1.40537102016, 0.964159320215, 0.589579206291, 0.420849721159, 0.253810677025, 0.126451731743], "analysis": ["atlas_conf_2020_048\n", "atlas_conf_2020_048\n", "atlas_conf_2020_048\n", "atlas_1908_08215\n", "atlas_1908_08215\n", "atlas_1911_12606\n", "atlas_conf_2020_048\n", "atlas_conf_2020_048\n", "atlas_1908_08215\n", "atlas_1908_08215\n", "atlas_1908_08215\n", "atlas_1911_12606\n", "atlas_1911_12606\n", "atlas_1911_12606\n", "atlas_1911_12606\n", "atlas_1908_08215\n", "atlas_1908_08215\n", "atlas_1908_08215\n", "atlas_1911_12606\n", "atlas_1911_12606\n", "atlas_1911_12606\n", "atlas_1911_12606\n", "atlas_1911_12606\n", "atlas_1908_08215\n", "atlas_1908_08215\n", "atlas_1908_08215\n", "atlas_1911_12606\n", "atlas_1911_12606\n", "atlas_1911_12606\n", "atlas_1911_12606\n", "atlas_1911_12606\n", "atlas_1911_12606\n", "atlas_1911_12606\n", "atlas_1908_08215\n", "atlas_1911_12606\n", "atlas_1911_12606\n", "atlas_1911_12606\n", "atlas_1911_12606\n", "atlas_1911_12606\n", "atlas_1911_12606\n", "atlas_1911_12606\n", "atlas_1911_12606\n", "atlas_conf_2016_096\n", "atlas_conf_2016_096\n", "atlas_1911_12606\n", "atlas_1911_12606\n", "atlas_1911_12606\n", "atlas_1911_12606\n", "atlas_1911_12606\n", "atlas_1911_12606\n"], "~chi_10": [140.10931, 103.569043, 177.953015, 223.583891, 257.673307, 101.158403, 137.356657, 176.035638, 214.3116, 260.383429, 296.878253, 96.9266139, 134.394378, 173.814514, 216.711628, 262.017334, 311.175543, 337.050551, 92.3773411, 129.297222, 167.997354, 206.631468, 246.138674, 289.375227, 328.155303, 346.288694, 82.6709774, 114.768649, 155.163288, 193.500113, 232.754172, 272.15419, 309.071308, 334.414643, 66.8747446, 93.2263477, 133.886279, 172.388292, 212.541129, 253.428762, 288.853072, 317.269451, 41.0371233, 73.336033, 112.31676, 150.802453, 189.728123, 216.771175, 253.228624, 289.52131], "~chi_20": [142.694635, 107.531399, 180.873151, 227.182319, 261.984242, 107.521959, 141.373264, 180.420805, 219.454322, 266.34188, 302.509614, 107.49901, 141.959304, 181.488912, 225.183642, 271.40033, 318.398793, 345.61891, 107.487548, 144.308227, 181.609017, 221.244433, 261.851458, 302.978353, 340.111037, 361.804929, 107.475559, 141.909721, 179.873643, 219.150694, 259.221486, 297.699495, 331.821202, 360.941462, 107.467315, 139.300971, 177.300157, 216.239665, 256.032909, 296.8633, 331.504834, 360.580771, 107.998106, 143.70478, 182.4705, 220.776087, 259.583742, 286.486977, 322.975868, 358.388784], "tanB": 50, "m_sleptons": 500, "sign_M1": 1.0,