{"index": [0, 1, 2, 3, 4, 5, 6, 7, 8, 9, 10, 11, 12, 13, 14, 15, 16, 17, 18, 19, 20, 21, 22, 23, 24, 25, 26, 27, 28, 29, 30, 31, 32, 33, 34, 35, 36, 37, 38, 39, 40, 41, 42, 43, 44, 45, 46, 47, 48, 49, 50, 51, 52, 53, 54, 55, 56, 57, 58, 59, 60, 61, 62, 63, 64, 65, 66, 67, 68, 69, 70, 71, 72, 73, 74, 75, 76, 77, 78, 79, 80, 81, 82, 83, 84, 85, 86, 87, 88, 89, 90, 91, 92, 93, 94, 95, 96, 97, 98, 99], "M1": [128.7787947894819, 127.88436820212758, 126.66944368754298, 125.01917792285383, 122.7775760279112, 119.73274581757424, 115.59686824239134, 109.97899068099932, 102.34807131235803, 91.98278125853284, 77.90331943884165, 58.77879478948191, 147.23654454475366, 146.3143234070487, 145.06668587332675, 143.37880500407496, 141.09533584593953, 138.00611818185936, 133.82683433120403, 128.17284183095416, 120.52377267575217, 110.17564099031452, 96.17605134007154, 77.23654454475366, 168.23305408167755, 167.26914420492528, 165.97271309742703, 164.22905048225385, 161.88387433061118, 158.72967974366856, 154.48737859058477, 148.7816053488329, 141.1075041684802, 130.78605842728763, 116.90401026494033, 98.23305408167757, 192.1020408478776, 191.0759135233788, 189.7072426728721, 187.88167984815945, 185.44670461233926, 182.1988819032025, 177.8668656285354, 172.0887284934057, 164.3817240327795, 154.10195455569536, 140.39057537564435, 122.10204084787759, 219.21144023941835, 217.96275167432083, 216.27030647242037, 213.97640321944058, 210.86729686366465, 206.6532820315354, 200.94169838872585, 193.20034269626694, 182.707878310735, 168.48662130417483, 149.21144023941835, 249.95537776370486, 248.5527189198798, 246.6845896269611, 244.19652414302362, 240.88279747762277, 236.46941507917757, 230.59145767301067, 222.7629080143895, 212.3364646901834, 198.4500201846975, 179.95537776370486, 284.7279323502038, 283.09117312267927, 280.9622427553766, 278.19314609619465, 274.5913860641801, 269.90658198368624, 263.81306407090744, 255.88723410761003, 245.57811850209652, 232.16906669805977, 214.72793235020382, 323.8248555173962, 321.5666185135373, 318.64782470289606, 314.87525464294237, 309.9991702805007, 303.69678269543374, 295.5508839947564, 285.0222288230368, 271.4138371896176, 253.82485551739623, 367.21557580205285, 363.8495900030645, 359.5992476783192, 354.23219892756356, 347.4550477966336, 338.89731344681996, 328.09117738948066, 314.4459096449554, 297.2155758020529], "M2": [119.99999999999996, 119.99999999999996, 119.99999999999996, 119.99999999999996, 119.99999999999996, 119.99999999999996, 119.99999999999996, 119.99999999999996, 119.99999999999996, 119.99999999999996, 119.99999999999996, 119.99999999999996, 137.18040978107922, 137.18040978107922, 137.18040978107922, 137.18040978107922, 137.18040978107922, 137.18040978107922, 137.18040978107922, 137.18040978107922, 137.18040978107922, 137.18040978107922, 137.18040978107922, 137.18040978107922, 156.8205402308735, 156.8205402308735, 156.8205402308735, 156.8205402308735, 156.8205402308735, 156.8205402308735, 156.8205402308735, 156.8205402308735, 156.8205402308735, 156.8205402308735, 156.8205402308735, 156.8205402308735, 179.2725497580121, 179.2725497580121, 179.2725497580121, 179.2725497580121, 179.2725497580121, 179.2725497580121, 179.2725497580121, 179.2725497580121, 179.2725497580121, 179.2725497580121, 179.2725497580121, 179.2725497580121, 204.93901531919204, 204.93901531919204, 204.93901531919204, 204.93901531919204, 204.93901531919204, 204.93901531919204, 204.93901531919204, 204.93901531919204, 204.93901531919204, 204.93901531919204, 204.93901531919204, 234.2801508468137, 234.2801508468137, 234.2801508468137, 234.2801508468137, 234.2801508468137, 234.2801508468137, 234.2801508468137, 234.2801508468137, 234.2801508468137, 234.2801508468137, 234.2801508468137, 267.8220591394914, 267.8220591394914, 267.8220591394914, 267.8220591394914, 267.8220591394914, 267.8220591394914, 267.8220591394914, 267.8220591394914, 267.8220591394914, 267.8220591394914, 267.8220591394914, 306.1661651763989, 306.1661651763989, 306.1661651763989, 306.1661651763989, 306.1661651763989, 306.1661651763989, 306.1661651763989, 306.1661651763989, 306.1661651763989, 306.1661651763989, 350.0, 350.0, 350.0, 350.0, 350.0, 350.0, 350.0, 350.0, 350.0], "gm2": [2.755748e-09, 2.754274e-09, 2.752242e-09, 2.749428e-09, 2.745506e-09, 2.739991e-09, 2.732143e-09, 2.720803e-09, 2.704091e-09, 2.678835e-09, 2.63946e-09, 2.575798e-09, 2.754781e-09, 2.753583e-09, 2.751934e-09, 2.749655e-09, 2.746479e-09, 2.742012e-09, 2.735646e-09, 2.726423e-09, 2.712775e-09, 2.692029e-09, 2.659435e-09, 2.606172e-09, 2.752703e-09, 2.751807e-09, 2.750579e-09, 2.748882e-09, 2.746519e-09, 2.743189e-09, 2.738431e-09, 2.731504e-09, 2.721186e-09, 2.705371e-09, 2.680275e-09, 2.638778e-09, 2.749523e-09, 2.748944e-09, 2.748151e-09, 2.747053e-09, 2.74552e-09, 2.743347e-09, 2.740215e-09, 2.735603e-09, 2.728639e-09, 2.717796e-09, 2.700302e-09, 2.670886e-09, 2.745272e-09, 2.744977e-09, 2.744552e-09, 2.743931e-09, 2.743005e-09, 2.741588e-09, 2.739358e-09, 2.735737e-09, 2.729641e-09, 2.718967e-09, 2.699438e-09, 2.740709e-09, 2.740749e-09, 2.740781e-09, 2.740787e-09, 2.740728e-09, 2.740526e-09, 2.740027e-09, 2.738932e-09, 2.736644e-09, 2.731964e-09, 2.722409e-09, 2.736864e-09, 2.737213e-09, 2.737649e-09, 2.738188e-09, 2.738838e-09, 2.739595e-09, 2.740422e-09, 2.741211e-09, 2.74171e-09, 2.741363e-09, 2.738974e-09, 2.735278e-09, 2.735988e-09, 2.736888e-09, 2.738021e-09, 2.739433e-09, 2.741165e-09, 2.743236e-09, 2.745602e-09, 2.748077e-09, 2.750134e-09, 2.737146e-09, 2.7383e-09, 2.73974e-09, 2.74153e-09, 2.743741e-09, 2.746445e-09, 2.749702e-09, 2.753524e-09, 2.757795e-09], "omega_dm": [0.0017116, 0.0022795, 0.0033692, 0.0057874, 0.012343, 0.035508, 0.14851, 0.86443, 3.9502, 5.312, 6.8578, 4.6335, 0.0020464, 0.0026515, 0.0037598, 0.006067, 0.011792, 0.029748, 0.10525, 0.523, 2.5537, 4.0327, 4.894, 6.8407, 0.0024846, 0.0031515, 0.004325, 0.0066376, 0.011957, 0.026995, 0.082256, 0.34725, 1.5412, 3.1926, 3.6997, 4.7076, 0.0030212, 0.0037742, 0.0050544, 0.007463, 0.012658, 0.026088, 0.069881, 0.25277, 1.0469, 2.5725, 2.9559, 3.5049, 0.0037415, 0.0047443, 0.0065029, 0.0099638, 0.017948, 0.040711, 0.12508, 0.51016, 1.6936, 2.4749, 2.8006, 0.0046957, 0.0059285, 0.0080331, 0.012013, 0.020677, 0.043352, 0.11767, 0.4112, 1.3228, 2.1285, 2.3511, 0.0059738, 0.0075544, 0.010207, 0.015059, 0.025108, 0.049459, 0.12061, 0.3625, 1.0653, 1.8586, 2.0499, 0.0077371, 0.010157, 0.014467, 0.022879, 0.041709, 0.091742, 0.24795, 0.72575, 1.4839, 1.8167, 0.010183, 0.014048, 0.021558, 0.037474, 0.07609, 0.18307, 0.48199, 1.0381, 1.4478], "dd_pval": [0.1282, 0.1291, 0.13048, 0.1326, 0.13592, 0.14123, 0.15001, 0.16605, 0.1993, 0.28306, 0.66265, 0.65622, 0.11727, 0.11752, 0.11785, 0.11836, 0.11927, 0.12075, 0.12348, 0.12863, 0.13965, 0.16533, 0.24191, 0.68295, 0.10464, 0.11627, 0.11611, 0.11597, 0.11584, 0.11585, 0.11608, 0.11685, 0.11922, 0.12598, 0.14687, 0.22564, 0.06148, 0.12255, 0.12206, 0.12145, 0.12061, 0.1195, 0.1183, 0.117, 0.11598, 0.11612, 0.11954, 0.13693, 0.02018, 0.07972, 0.13317, 0.13211, 0.13073, 0.12887, 0.12648, 0.1234, 0.11966, 0.11642, 0.11674, 0.00197, 0.01703, 0.07025, 0.14768, 0.14587, 0.14351, 0.14035, 0.13636, 0.13138, 0.12543, 0.11886, 1e-05, 0.00047, 0.00662, 0.03406, 0.08924, 0.15865, 0.15876, 0.15427, 0.14844, 0.14119, 0.13243, 0.0, 0.0, 3e-05, 0.00102, 0.00868, 0.03074, 0.06736, 0.11309, 0.16303, 0.15294, 0.0, 0.0, 0.0, 0.0, 1e-05, 0.0002, 0.00191, 0.00828, 0.02311], "cx": [NaN, NaN, NaN, NaN, NaN, NaN, NaN, NaN, NaN, NaN, NaN, NaN, NaN, NaN, NaN, NaN, NaN, NaN, NaN, NaN, NaN, NaN, NaN, NaN, NaN, NaN, NaN, NaN, NaN, NaN, NaN, NaN, NaN, NaN, NaN, NaN, NaN, NaN, NaN, NaN, NaN, NaN, NaN, NaN, NaN, NaN, NaN, NaN, NaN, NaN, NaN, NaN, NaN, NaN, NaN, NaN, NaN, NaN, NaN, NaN, NaN, NaN, NaN, NaN, NaN, NaN, NaN, NaN, NaN, NaN, NaN, NaN, NaN, NaN, NaN, NaN, NaN, NaN, NaN, NaN, NaN, NaN, NaN, NaN, NaN, NaN, NaN, NaN, NaN, NaN, NaN, NaN, NaN, NaN, NaN, NaN, NaN, NaN, NaN, NaN],