{"index": [0, 1, 2, 3, 4, 5, 6, 7, 8, 9, 10, 11, 12, 13, 14, 15, 16, 17, 18, 19, 20, 21, 22, 23, 24, 25, 26, 27, 28, 29, 30, 31, 32, 33, 34, 35, 36, 37, 38, 39, 40, 41, 42, 43, 44, 45, 46, 47, 48, 49, 50, 51, 52, 53, 54, 55, 56, 57, 58, 59, 60, 61, 62, 63, 64, 65, 66, 67, 68, 69, 70, 71, 72, 73, 74, 75, 76, 77, 78, 79, 80, 81, 82, 83, 84, 85, 86, 87, 88], "M1": [108.81682207015692, 108.242104857889, 107.41769088474268, 106.23509467114248, 104.53869716943088, 102.10526769391065, 98.6145887661499, 93.60731836884037, 86.42454465901183, 76.12107908337103, 61.34107804795635, 40.13962607015688, 142.6605581268652, 142.03912518362338, 141.15674873621873, 139.9038570068669, 138.12486835627985, 135.59887146063835, 132.0121929763856, 126.91944619922273, 119.68822381612527, 109.42056680472746, 94.84145764192105, 74.14049112686516, 176.2180802356733, 175.52125551853916, 174.54671151023032, 173.183763266895, 171.277612392052, 168.6117656326965, 164.88344641192577, 159.66920663494432, 152.37683309021463, 142.17808616057906, 127.91463156698876, 107.96648123567329, 209.49919643004247, 208.60044211925216, 207.32784251028966, 205.52589313960183, 202.97440600126347, 199.36160381991198, 194.24602263376556, 187.00256739917373, 176.74612891714474, 162.2234285029449, 141.65987443004244, 242.49288418530492, 241.29768945476317, 239.58640909501187, 237.13619709621648, 233.62798243996136, 228.60491909670208, 221.41289471318606, 211.1153509239958, 196.3713230348063, 175.2608171853049, 275.1639504226069, 273.53421368907976, 271.1765092606366, 267.76566991613083, 262.8312833604291, 255.69281443186154, 245.36574782107027, 230.42580679857437, 208.81252142260686, 307.43379163701246, 305.49403688095464, 302.79177022640147, 299.02725048517897, 293.78290908823504, 286.47703248821813, 276.2992372505207, 262.1205805920911, 242.36833563701245, 339.1354407504774, 336.4352640154147, 332.67281379973974, 327.430182292842, 320.1250530441917, 309.94602114594124, 295.7624678015915, 275.99897875047736, 370.0405321311784, 365.2994255874342, 358.2897534500208, 347.9260328669295, 332.6033897790858, 309.94903613117833], "M2": [100.0, 100.0, 100.0, 100.0, 100.0, 100.0, 100.0, 100.0, 100.0, 100.0, 100.0, 100.0, 131.25, 131.25, 131.25, 131.25, 131.25, 131.25, 131.25, 131.25, 131.25, 131.25, 131.25, 131.25, 162.5, 162.5, 162.5, 162.5, 162.5, 162.5, 162.5, 162.5, 162.5, 162.5, 162.5, 162.5, 193.75, 193.75, 193.75, 193.75, 193.75, 193.75, 193.75, 193.75, 193.75, 193.75, 193.75, 225.0, 225.0, 225.0, 225.0, 225.0, 225.0, 225.0, 225.0, 225.0, 225.0, 256.25, 256.25, 256.25, 256.25, 256.25, 256.25, 256.25, 256.25, 256.25, 287.5, 287.5, 287.5, 287.5, 287.5, 287.5, 287.5, 287.5, 287.5, 318.75, 318.75, 318.75, 318.75, 318.75, 318.75, 318.75, 318.75, 350.0, 350.0, 350.0, 350.0, 350.0, 350.0], "~chi_10": [105.373217, 105.373217, 104.639596, 103.537544, 101.918105, 99.567328, 96.1757735, 91.2973327, 84.2899942, 74.2314771, 59.797712, 39.0886212, 138.88613, 138.385328, 137.608839, 136.447942, 134.754354, 132.317394, 128.834743, 123.874205, 116.819961, 106.795776, 92.5561817, 72.3320335, 171.553944, 171.010541, 170.168817, 168.91842, 167.11325, 164.548734, 160.934325, 155.860419, 148.750791, 138.79792, 124.870582, 105.385897, 203.826796, 203.15038, 202.065254, 200.416771, 198.000385, 194.523315, 189.562936, 182.514408, 172.516469, 158.34691, 138.27252, 235.649365, 234.784698, 233.345704, 231.111286, 227.790029, 222.955702, 215.98325, 205.966449, 191.600477, 171.012491, 266.92424, 265.790523, 263.834444, 260.733506, 256.064936, 249.197667, 239.191812, 224.669366, 203.624928, 297.473508, 296.195202, 294.045386, 290.710461, 285.821095, 278.852366, 269.042899, 255.309012, 236.125755, 326.958376, 325.245638, 322.311408, 317.71006, 310.933299, 301.256561, 287.622136, 268.518896, 354.752274, 351.804876, 346.234506, 336.94954, 322.564227, 300.90278], "~chi_20": [107.401456, 107.401456, 107.329927, 107.276984, 107.239609, 107.21374, 107.195936, 107.183682, 107.175231, 107.169389, 107.165343, 107.162536, 140.659601, 140.553333, 140.467903, 140.405068, 140.360914, 140.330415, 140.309409, 140.294906, 140.284855, 140.277862, 140.272984, 140.269573, 173.556909, 173.419857, 173.309836, 173.22928, 173.172898, 173.134002, 173.107155, 173.088523, 173.075512, 173.066375, 173.059931, 173.055372, 206.19759, 205.996796, 205.839876, 205.729685, 205.655711, 205.606417, 205.573329, 205.550877, 205.535496, 205.524873, 205.517498, 238.583522, 238.282789, 238.053107, 237.898271, 237.798421, 237.734008, 237.691847, 237.663809, 237.644921, 237.632072, 270.699924, 270.246698, 269.906968, 269.686414, 269.549329, 269.463417, 269.408408, 269.372463, 269.348605, 302.502466, 301.895989, 301.42003, 301.09651, 300.888443, 300.754549, 300.666701, 300.607841, 300.567709, 333.889814, 332.987891, 332.277991, 331.800385, 331.497671, 331.305294, 331.180239, 331.097, 364.692533, 363.075445, 361.893122, 361.185535, 360.780118, 360.541259], "gm2": [2.75884e-09, 2.75884e-09, 2.75717e-09, 2.754743e-09, 2.751202e-09, 2.745994e-09, 2.738256e-09, 2.726592e-09, 2.708657e-09, 2.680337e-09, 2.634044e-09, 2.555227e-09, 2.758206e-09, 2.757346e-09, 2.756111e-09, 2.75433e-09, 2.751746e-09, 2.747963e-09, 2.742355e-09, 2.733904e-09, 2.720875e-09, 2.700175e-09, 2.665974e-09, 2.606647e-09, 2.754081e-09, 2.753521e-09, 2.752726e-09, 2.75159e-09, 2.749952e-09, 2.747564e-09, 2.744029e-09, 2.738692e-09, 2.73042e-09, 2.717165e-09, 2.695016e-09, 2.656073e-09, 2.7483e-09, 2.747987e-09, 2.747529e-09, 2.74685e-09, 2.745827e-09, 2.744249e-09, 2.74175e-09, 2.73765e-09, 2.73064e-09, 2.71805e-09, 2.694112e-09, 2.742428e-09, 2.742391e-09, 2.74232e-09, 2.74218e-09, 2.7419e-09, 2.741326e-09, 2.740135e-09, 2.737614e-09, 2.732147e-09, 2.719911e-09, 2.737718e-09, 2.737993e-09, 2.738369e-09, 2.738864e-09, 2.739475e-09, 2.740124e-09, 2.740535e-09, 2.739893e-09, 2.73593e-09, 2.735038e-09, 2.735583e-09, 2.736324e-09, 2.737318e-09, 2.738626e-09, 2.74029e-09, 2.742272e-09, 2.744303e-09, 2.745469e-09, 2.734536e-09, 2.735432e-09, 2.736658e-09, 2.738322e-09, 2.740548e-09, 2.74345e-09, 2.747056e-09, 2.751064e-09, 2.736247e-09, 2.737871e-09, 2.74023e-09, 2.743613e-09, 2.748351e-09, 2.75463e-09], "omega_dm": [0.0011132, 0.0011132, 0.0015256, 0.0024037, 0.0046934, 0.012721, 0.055104, 0.42283, 5.7827, 12.127, 1.6813, 9.6425, 0.0013486, 0.0016265, 0.0021095, 0.0030395, 0.0051328, 0.011045, 0.034052, 0.17008, 1.3356, 6.9844, 8.7486, 12.78, 0.0019316, 0.0022942, 0.0028991, 0.0039955, 0.0062585, 0.011882, 0.030011, 0.11259, 0.652, 3.6832, 5.7516, 7.265, 0.0026161, 0.003152, 0.0040727, 0.0058065, 0.0095998, 0.019913, 0.057856, 0.26171, 1.5794, 4.2781, 5.0506, 0.0034439, 0.0042522, 0.0057089, 0.0086283, 0.015647, 0.037626, 0.13611, 0.74888, 2.9361, 3.8921, 0.0044248, 0.0056595, 0.0080437, 0.013284, 0.027767, 0.083307, 0.39395, 1.8699, 3.024, 0.0055862, 0.0071768, 0.010215, 0.01666, 0.033254, 0.089096, 0.33927, 1.3456, 2.4164, 0.006971, 0.0093782, 0.01442, 0.026436, 0.06249, 0.20524, 0.79661, 1.7571, 0.0085146, 0.013187, 0.026595, 0.076701, 0.3245, 1.0649], "dd_pval": [0.00025, 0.00025, 0.00414, 0.02379, 0.06552, 0.11725, 0.16432, 0.19938, 0.22009, 0.22522, 0.2128, 0.19035, 4e-05, 0.00099, 0.01078, 0.04757, 0.11173, 0.18215, 0.24235, 0.28693, 0.31587, 0.32983, 0.3275, 0.3027, 3e-05, 0.00073, 0.00916, 0.04452, 0.11044, 0.18552, 0.25153, 0.30224, 0.33784, 0.35988, 0.36874, 0.36095, 0.0, 0.0002, 0.00494, 0.03384, 0.09639, 0.17085, 0.23682, 0.28756, 0.32334, 0.34556, 0.35359, 0.0, 1e-05, 0.00117, 0.01586, 0.06109, 0.12433, 0.18495, 0.23401, 0.27022, 0.29358, 0.0, 0.0, 9e-05, 0.00393, 0.02589, 0.06803, 0.11621, 0.16019, 0.19613, 0.0, 0.0, 0.0, 6e-05, 0.00187, 0.01128, 0.03129, 0.05856, 0.0887, 0.0, 0.0, 0.0, 0.0, 6e-05, 0.0011, 0.00597, 0.01722, 0.0, 0.0, 0.0, 0.0, 1e-05, 0.00036],