{"index": [0, 1, 2, 3, 4, 5, 6, 7, 8, 9, 10, 11, 12, 13, 14, 15, 16, 17, 18, 19, 20, 21, 22, 23, 24, 25, 26, 27, 28, 29, 30, 31, 32, 33, 35, 34, 36, 37, 38, 39, 40, 41, 42, 43, 44, 45, 46, 47], "M1": [-105.8771121443653, -141.86630942956367, -184.16204939567967, -225.8358371673467, -265.9824024146572, -303.4865613720574, -352.5635842227556, -103.55477803218213, -141.40145114715608, -184.76573072383496, -231.24600958911867, -278.3877569723678, -323.53618617391567, -350.784204795857, -101.14169635941158, -143.24880396227425, -186.01625650094428, -230.58057083296038, -275.3406620351092, -317.9013793540733, -346.10989908006326, -94.01765347777881, -134.1129105550109, -177.46887034029055, -222.70694203465993, -267.44745132858355, -309.45612366548204, -339.0439969061889, -86.22135272318535, -119.18979674931829, -165.66387069528926, -210.7792708794146, -255.84418578524304, -298.4925198966233, -68.12059597403878, -326.53984545784067, -81.00628327425149, -136.72726744403425, -189.953275820774, -236.7419687653391, -282.81968814340837, -305.06599344293886, -73.93180846612707, -117.05445893251566, -147.52169768783122, -188.15593854513648, -227.1136514424025, -253.3765916803108], "M2": [100.47487412376128, 133.45247896108427, 173.17886027333498, 212.90670953278104, 252.5687551610681, 291.83927247835834, 349.2412782225657, 100.4925960203449, 134.3899915540371, 175.16520226539765, 219.64531088211257, 266.87639243860764, 315.58368819098644, 349.8409345966712, 100.83051096996854, 139.15368675978223, 179.2743753468657, 222.0399638933299, 266.9747325131358, 312.75572694891747, 349.77879434906185, 100.30078664577084, 136.61552981416276, 176.90062372526745, 220.21250117417947, 265.05118431008265, 309.93942199467233, 349.7399719460702, 100.307794439719, 135.48813057497583, 176.11734166116904, 219.2358404012573, 264.44608478615123, 309.6427243388951, 100.33268548038184, 349.7164646001741, 121.86318080489002, 166.40544851192442, 217.03753203902383, 264.22573233819617, 312.72768730064746, 349.70274717734725, 133.9276696775277, 174.52674334169737, 203.445153125701, 243.17096446681498, 283.54957557738135, 312.6796072453217], "~chi_10": [-179.051501, -138.112241, -179.051501, -219.194357, -292.763784, -292.763784, -336.056574, -100.917063, -137.658959, -179.629428, -224.374935, -269.259445, -311.048732, -334.435718, -98.5706001, -139.443683, -180.826173, -223.716168, -266.341533, -305.85964, -330.268087, -91.64411, -130.575051, -172.549861, -216.125534, -258.803308, -297.998517, -323.914247, -84.0629316, -116.078818, -161.105674, -204.60655, -247.677642, -287.659944, -66.4595326, -312.542587, -78.9780417, -133.054332, -184.476344, -229.319657, -272.750038, -292.726817, -72.091775, -113.936916, -143.426632, -182.603499, -219.879636, -244.715621], "~chi_20": [181.134322, 140.60339, 181.134322, 220.797281, 294.965979, 294.965979, 337.727749, 106.417248, 141.56803, 183.139826, 227.416075, 272.52193, 314.713054, 338.059486, 106.769842, 146.463917, 187.282126, 229.759344, 272.613114, 312.47703, 338.027561, 106.217478, 143.856749, 184.890663, 227.972088, 270.833458, 310.215484, 338.009569, 106.225082, 142.698299, 184.101304, 227.016256, 270.273358, 309.977515, 106.251861, 338.002676, 128.632241, 174.282177, 224.861649, 270.070983, 312.463132, 338.005961, 141.095446, 182.498931, 211.449848, 250.213186, 287.673668, 312.432546], "gm2": [2.737032e-09, 2.736299e-09, 2.737032e-09, 2.738595e-09, 2.739188e-09, 2.739188e-09, 2.735505e-09, 2.745697e-09, 2.737962e-09, 2.737347e-09, 2.738511e-09, 2.738902e-09, 2.737088e-09, 2.734374e-09, 2.751949e-09, 2.741704e-09, 2.737736e-09, 2.737657e-09, 2.7374e-09, 2.735538e-09, 2.732154e-09, 2.766886e-09, 2.748065e-09, 2.73886e-09, 2.735956e-09, 2.734719e-09, 2.73263e-09, 2.728789e-09, 2.78739e-09, 2.76622e-09, 2.742381e-09, 2.733736e-09, 2.730032e-09, 2.727398e-09, 2.845298e-09, 2.722876e-09, 2.84105e-09, 2.759514e-09, 2.732947e-09, 2.723127e-09, 2.718719e-09, 2.713002e-09, 2.868372e-09, 2.78488e-09, 2.749952e-09, 2.724056e-09, 2.711822e-09, 2.706659e-09], "omega_dm": [0.0028048, 0.0021969, 0.0028048, 0.0034966, 0.0066436, 0.0066436, 0.0090104, 0.005553, 0.0033703, 0.0039527, 0.0048308, 0.0066926, 0.0092824, 0.011363, 0.017446, 0.0085543, 0.0077595, 0.0083348, 0.010383, 0.013131, 0.017678, 0.26601, 0.059654, 0.029853, 0.023325, 0.023705, 0.025502, 0.033834, 3.646, 1.8107, 0.33818, 0.15685, 0.10937, 0.084487, 6.9334, 0.10096, 5.4305, 2.6674, 1.3248, 0.74536, 0.41275, 0.37097, 6.1804, 3.3079, 2.5566, 1.702, 1.2051, 0.93437], "dd_pval": [0.5, 0.5, 0.5, 0.5, 0.29917, 0.29917, 0.00046, 0.5, 0.5, 0.5, 0.5, 0.5, 0.08053, 0.00056, 0.5, 0.5, 0.5, 0.5, 0.5, 0.11393, 0.00108, 0.5, 0.5, 0.5, 0.5, 0.5, 0.16799, 0.0026, 0.5, 0.5, 0.5, 0.5, 0.5, 0.23207, 0.5, 0.00931, 0.5, 0.5, 0.5, 0.5, 0.31367, 0.04455, 0.5, 0.5, 0.5, 0.5, 0.5, 0.5], "cx": [NaN, NaN, NaN, NaN, NaN, NaN, NaN, NaN, NaN, NaN, NaN, NaN, NaN, NaN, NaN, NaN, NaN, NaN, NaN, NaN, NaN, NaN, NaN, NaN, NaN, NaN, NaN, NaN, NaN, NaN, NaN, NaN, NaN, NaN, NaN, NaN, NaN, NaN, NaN, NaN, NaN, NaN, NaN, NaN, NaN, NaN, NaN, NaN], "r": [1.02272487884, 0.632399767738, 1.01946189323, 0.879096829534, 0.249755636836, 0.24172666978, 0.132672071337, 9.40186658468, 0.786034827303, 0.998895698462, 0.790727500938, 0.398824255977, 0.163194354373, 0.114813930329, 10.8069371676, 1.26022908246, 0.837380351084, 0.6983995025, 0.379682295656, 0.170140237538, 0.0715551631096, 6.16952634147, 3.14691343802, 3.51069239016, 1.46244247503, 0.310729631797, 0.164000530616, 0.0614833971789, 5.74841399686, 4.32739577544, 1.9500396247, 0.797525825803, 0.289568033104, 0.196260886328, 3.94260628763, 0.0671833911532, 3.31872128301, 1.79843865105, 0.553830042487, 0.262499263909, 0.146346271715, 0.105533014859, 4.6576862142, 1.06071579636, 0.702159308965, 0.346732816433, 0.274756168793, 0.201754814424], "analysis": ["atlas_1908_08215\n", "atlas_conf_2020_048\n", "atlas_1908_08215\n", "atlas_1908_08215\n", "atlas_1908_08215\n", "atlas_1908_08215\n", "atlas_conf_2020_048\n", "atlas_1911_12606\n", "atlas_1908_08215\n", "atlas_1908_08215\n", "atlas_1908_08215\n", "atlas_1908_08215\n", "atlas_1908_08215\n", "atlas_conf_2020_048\n", "atlas_1911_12606\n", "atlas_1911_12606\n", "atlas_1908_08215\n", "atlas_1908_08215\n", "atlas_1908_08215\n", "atlas_1908_08215\n", "atlas_conf_2020_048\n", "atlas_1911_12606\n", "atlas_1911_12606\n", "atlas_1911_12606\n", "atlas_1911_12606\n", "atlas_1908_08215\n", "atlas_1908_08215\n", "atlas_conf_2020_048\n", "atlas_1911_12606\n", "atlas_1911_12606\n", "atlas_1911_12606\n", "atlas_1911_12606\n", "atlas_1911_12606\n", "atlas_1908_08215\n", "atlas_1911_12606\n", "atlas_1908_08215\n", "atlas_1911_12606\n", "atlas_1911_12606\n", "atlas_1911_12606\n", "atlas_1908_08215\n", "atlas_1908_08215\n", "atlas_1908_08215\n", "atlas_conf_2016_096\n", "atlas_1911_12606\n", "atlas_1911_12606\n", "atlas_1911_12606\n", "atlas_1908_08215\n", "atlas_1908_08215\n"], "tanB": 40, "m_sleptons": 400, "sign_M1": -1.0, "mu": [625.5927495675578, 607.4933512378595, 575.409727199327, 540.5347181999656, 505.6988712556122, 472.32413240312343, 425.46650337598635, 625.5833224936702, 606.7574980560767, 573.6827944643179, 534.5581464773262, 493.4386435311717, 452.7991138126396, 424.9801716820323, 625.4035703332396, 603.0184759879559, 570.1102648915847, 532.4342909870775, 493.3549769177665, 455.12454462099583, 425.0305684979213, 625.685354527201, 605.0106741497065, 572.1740129251559, 534.0550964695885, 494.99150978235394, 457.4403904709682, 425.0620541384075, 625.6816267664036, 605.8955692684829, 572.8550011148244, 534.9213122991742, 495.50632155347995, 457.6843647727542, 425.0811190026259, 625.6683861023267, 614.2153472414175, 581.2985552788914, 536.8710266262682, 495.69379490210633, 455.1476016067043, 425.0922440698613, 607.1203742738411, 574.2378729048394, 548.926321671259, 513.9176621463716, 479.2532895480604, 455.18713780693867]}