{"index": [0, 1, 3, 2, 5, 4, 6, 7, 8, 9, 10, 11, 12, 13, 14, 15, 16, 17, 18, 19, 20, 21, 22, 23, 24, 25, 26, 27, 28, 29, 30, 31, 32, 33, 34, 35, 36, 37, 38, 39, 40, 41, 42, 43, 44, 45, 46, 47, 48, 49, 50, 51, 52, 53, 54, 55, 56, 57, 58, 59, 60, 61, 62, 63, 64, 65, 66, 67, 68, 69, 70, 71, 72, 73, 74, 75, 76, 77, 78, 79, 80, 81, 82, 83, 84, 85, 86, 87, 88, 89, 90, 91, 92, 93, 94, 95, 96, 97, 98, 99, 100, 101], "M1": [-106.6738737053216, -106.20245529553478, -104.48814670492425, -105.50880156866204, -100.77654494175724, -102.986336348382, -97.52501718426086, -92.74065938194784, -85.70086723261728, -75.3423874630196, -60.10072963262929, -37.67387370532157, -140.08048922325779, -139.55112895261257, -138.74154638582976, -137.50340297238517, -135.60983562650193, -132.71388895791702, -128.2849431770759, -121.51148945901565, -111.15243844756019, -95.30971738905302, -71.08048922325776, -173.10339581184357, -172.57403554119836, -171.76445297441555, -170.52630956097096, -168.63274221508772, -165.7367955465028, -161.30784976566167, -154.53439604760143, -144.17534503614596, -128.3326239776388, -104.10339581184354, -205.71789751797115, -205.18853724732594, -204.37895468054313, -203.14081126709854, -201.2472439212153, -198.3512972526304, -193.92235147178926, -187.14889775372902, -176.78984674227354, -160.9471256837664, -136.71789751797112, -237.83949752870646, -237.31013725806125, -236.50055469127844, -235.26241127783385, -233.3688439319506, -230.4728972633657, -226.04395148252456, -219.27049776446432, -208.91144675300885, -193.0687256945017, -168.83949752870643, -269.2867889570278, -268.7574286863826, -267.9478461195998, -266.70970270615516, -264.81613536027197, -261.92018869168703, -257.49124291084587, -250.71778919278566, -240.35873818133018, -224.51601712282303, -200.28678895702777, -299.6778624425713, -299.1485021719261, -298.3389196051433, -297.1007761916987, -295.2072088458155, -292.31126217723056, -287.8823163963894, -281.10886267832916, -270.7498116668737, -254.90709060836656, -230.6778624425713, -328.18389219554865, -327.65453192490344, -326.84494935812063, -325.606805944676, -323.7132385987928, -320.8172919302079, -316.3883461493667, -309.6148924313065, -299.25584141985104, -283.4131203613439, -259.18389219554865, -352.94977665739054, -352.52496266980745, -351.91968175817806, -351.0572690488715, -349.828491357582, -348.07771171540264, -345.5831763920498, -342.02892757081645, -336.96478413497243, -329.74932173245463, -319.4686299744673, -304.8205565556565, -283.94977665739054], "M2": [100.0, 100.0, 100.0, 100.0, 100.0, 100.0, 100.0, 100.0, 100.0, 100.0, 100.0, 100.0, 131.25, 131.25, 131.25, 131.25, 131.25, 131.25, 131.25, 131.25, 131.25, 131.25, 131.25, 162.5, 162.5, 162.5, 162.5, 162.5, 162.5, 162.5, 162.5, 162.5, 162.5, 162.5, 193.75, 193.75, 193.75, 193.75, 193.75, 193.75, 193.75, 193.75, 193.75, 193.75, 193.75, 225.0, 225.0, 225.0, 225.0, 225.0, 225.0, 225.0, 225.0, 225.0, 225.0, 225.0, 256.25, 256.25, 256.25, 256.25, 256.25, 256.25, 256.25, 256.25, 256.25, 256.25, 256.25, 287.5, 287.5, 287.5, 287.5, 287.5, 287.5, 287.5, 287.5, 287.5, 287.5, 287.5, 318.75, 318.75, 318.75, 318.75, 318.75, 318.75, 318.75, 318.75, 318.75, 318.75, 318.75, 350.0, 350.0, 350.0, 350.0, 350.0, 350.0, 350.0, 350.0, 350.0, 350.0, 350.0, 350.0, 350.0], "~chi_10": [-103.949998, -103.949998, -102.81725, -102.81725, -100.364736, -100.364736, -95.0547261, -90.4026152, -83.5569933, -73.483387, -58.6593914, -36.8447489, -136.381865, -135.867619, -135.081183, -133.878483, -132.038973, -129.225668, -124.922708, -118.341437, -108.274815, -92.8766189, -69.321832, -168.364375, -167.850863, -167.065642, -165.864543, -164.0276, -161.218159, -156.920961, -150.348171, -140.293779, -124.912656, -101.380623, -199.846112, -199.333709, -198.550175, -197.351638, -195.51857, -192.714952, -188.426525, -181.866384, -171.830338, -156.474814, -132.976873, -230.699645, -230.188952, -229.40802, -228.213429, -226.386319, -223.591635, -219.316476, -212.775735, -202.767426, -187.450255, -164.002819, -260.669413, -260.161522, -259.38475, -258.1967, -256.379299, -253.599127, -249.345302, -242.835757, -232.871412, -217.614084, -194.243827, -289.233325, -288.730465, -287.961323, -286.784801, -284.984704, -282.230258, -278.014131, -271.558655, -261.669473, -246.512053, -223.266588, -315.277818, -314.785137, -314.031405, -312.87808, -311.112627, -308.409285, -304.267186, -297.916087, -288.168461, -273.192786, -250.163984, -336.347651, -335.971065, -335.434031, -334.668016, -333.574809, -332.013759, -329.78289, -326.591313, -322.019747, -315.46179, -306.040542, -292.488647, -272.980424], "~chi_20": [105.90317, 105.90317, 105.903209, 105.903209, 105.903295, 105.903295, 105.903487, 105.903662, 105.903937, 105.904377, 105.905118, 105.906479, 138.335817, 138.335836, 138.335864, 138.335907, 138.335973, 138.336078, 138.336241, 138.336499, 138.336919, 138.337629, 138.338904, 170.318094, 170.318116, 170.318149, 170.318199, 170.318277, 170.318397, 170.318584, 170.31888, 170.319354, 170.320136, 170.32149, 201.798225, 201.798252, 201.798293, 201.798356, 201.798453, 201.798604, 201.798838, 201.799205, 201.799788, 201.800737, 201.802342, 232.648335, 232.64837, 232.648426, 232.64851, 232.64864, 232.64884, 232.649152, 232.649638, 232.650407, 232.651648, 232.653712, 262.611071, 262.611122, 262.611201, 262.61132, 262.611506, 262.611792, 262.612234, 262.612923, 262.614009, 262.615748, 262.618614, 291.160624, 291.160702, 291.160822, 291.161007, 291.161292, 291.16173, 291.162408, 291.163464, 291.165123, 291.167768, 291.172095, 317.171643, 317.171776, 317.171979, 317.172291, 317.172771, 317.173508, 317.174649, 317.176422, 317.179203, 317.183626, 317.190825, 338.145679, 338.145874, 338.146153, 338.146552, 338.147122, 338.147937, 338.149105, 338.150783, 338.153202, 338.156709, 338.161832, 338.169397, 338.180756], "gm2": [2.737713e-09, 2.737713e-09, 2.740065e-09, 2.740065e-09, 2.745322e-09, 2.745322e-09, 2.757503e-09, 2.769111e-09, 2.787872e-09, 2.819369e-09, 2.874942e-09, 2.978982e-09, 2.734876e-09, 2.735394e-09, 2.736197e-09, 2.737457e-09, 2.739456e-09, 2.742686e-09, 2.748044e-09, 2.757266e-09, 2.77397e-09, 2.806335e-09, 2.874641e-09, 2.735548e-09, 2.735706e-09, 2.735958e-09, 2.736362e-09, 2.737026e-09, 2.738154e-09, 2.74015e-09, 2.743872e-09, 2.751268e-09, 2.767101e-09, 2.804063e-09, 2.737381e-09, 2.737321e-09, 2.737236e-09, 2.737117e-09, 2.736964e-09, 2.7368e-09, 2.73672e-09, 2.737019e-09, 2.738555e-09, 2.743796e-09, 2.760088e-09, 2.73919e-09, 2.739007e-09, 2.738731e-09, 2.738315e-09, 2.737697e-09, 2.736795e-09, 2.735517e-09, 2.733821e-09, 2.731889e-09, 2.730731e-09, 2.734178e-09, 2.740076e-09, 2.739831e-09, 2.739459e-09, 2.738894e-09, 2.738039e-09, 2.736757e-09, 2.734855e-09, 2.732098e-09, 2.728273e-09, 2.723504e-09, 2.719414e-09, 2.739811e-09, 2.739543e-09, 2.739134e-09, 2.738511e-09, 2.737563e-09, 2.736127e-09, 2.733963e-09, 2.730737e-09, 2.726023e-09, 2.719439e-09, 2.711273e-09, 2.738035e-09, 2.737767e-09, 2.737357e-09, 2.736732e-09, 2.735777e-09, 2.734324e-09, 2.732118e-09, 2.728785e-09, 2.723803e-09, 2.716524e-09, 2.706483e-09, 2.735346e-09, 2.735141e-09, 2.734849e-09, 2.734434e-09, 2.733843e-09, 2.733001e-09, 2.731804e-09, 2.730101e-09, 2.727685e-09, 2.724267e-09, 2.719458e-09, 2.712774e-09, 2.703739e-09],