{"index": [0, 1, 2, 3, 4, 5, 6, 7, 8, 9, 10, 11, 12, 13, 14, 15, 16, 17, 18, 19, 20, 21, 22, 23, 24, 25, 26, 27, 28, 29, 30, 31, 32, 33, 34, 35, 36, 37, 38, 39, 40, 41, 42, 43, 44, 45, 46, 47, 48, 49], "M1": [111.72579982345037, 134.08080331220225, 105.1398016280173, 153.1103397124483, 170.65582091108988, 102.29639636710573, 129.22368704136525, 156.06741159250038, 192.59268520308737, 97.78757384881119, 123.1428709272273, 148.36926996691636, 180.8655755584983, 214.1625362169786, 93.38207560789625, 124.68290753871965, 156.87395906115617, 191.34499369477786, 229.1808856358743, 254.29577026520076, 87.18215725984444, 118.0970783003814, 148.35045058221212, 180.57383135842528, 218.4607733972152, 245.05163215782383, 285.72386039036087, 78.92955233611832, 109.27976152071328, 143.3999244198377, 175.37093535764555, 212.85699872507624, 273.9479216658011, 352.58620108297447, 326.58747235686843, 351.0901476426734, 67.97393850837639, 84.94963828243243, 119.14173268061006, 155.79226103815773, 197.12845983668205, 196.9536446426151, 217.52181906586122, 237.29253499873957, 294.2589708530147, 46.67535360874021, 61.613872070366035, 101.16896169994078, 127.09406831993788, 163.2548254369628], "M2": [104.02986818644371, 124.79960611164626, 100.25173275318247, 143.35416130158129, 160.6352461379172, 100.3085056316913, 122.90358627724233, 149.78936663244784, 182.74330548798795, 100.3252585449253, 120.95144714223379, 146.59383436742664, 176.49903419863455, 204.5443069183405, 100.3188466378143, 128.25370864637222, 160.07092017010882, 192.03244136339296, 220.17046112407124, 245.45421326531329, 100.31105695978442, 128.86593185006092, 159.1833048191115, 191.39583495913453, 220.96151006201043, 257.21997127131857, 273.8852345044967, 100.30345555148894, 129.99648510685046, 164.15110267574795, 198.01386129541484, 228.1904756001855, 285.20638544299544, 326.32464651039606, 303.9780373407557, 346.54963573047485, 100.29782941890713, 123.84992305063095, 153.58717168311264, 190.24532133964885, 228.4573923522197, 244.26949687187397, 268.46170919921553, 293.43525927871553, 318.15475682611645, 100.61028516931229, 119.56047704337179, 154.74775202168175, 177.92694668944864, 210.86273868271903], "~chi_10": [107.233152, 128.515689, 101.293642, 146.614673, 163.015509, 98.6971681, 124.405936, 149.993757, 183.04288, 94.4220546, 118.798196, 142.942615, 173.2495, 201.693369, 90.1909256, 120.37938, 151.072426, 182.998681, 213.709074, 230.176417, 84.2063218, 114.063806, 142.993649, 173.194564, 206.55437, 225.152001, 239.528335, 76.2187645, 105.556432, 138.219507, 168.213277, 201.767375, 232.889642, 215.627753, 231.73757, 197.439436, 65.5994856, 82.0178816, 114.94869, 149.746534, 187.622178, 186.705382, 202.813311, 212.522884, 217.448984, 44.9342957, 59.4010114, 97.5719795, 122.381953, 156.442221], "~chi_20": [110.350978, 132.113901, 105.989368, 151.134985, 168.660061, 105.88557, 129.574658, 156.98194, 190.697862, 105.802621, 127.286502, 153.430139, 183.402049, 212.125099, 105.751511, 134.673242, 166.740715, 197.958472, 227.113492, 251.449408, 105.710651, 135.230141, 165.717579, 196.841039, 224.685841, 253.406163, 280.736734, 105.679716, 136.343713, 170.519317, 202.726821, 229.554148, 276.289772, -254.702465, -284.664166, -230.004241, 105.657398, 129.996132, 160.029785, 195.400923, 228.933312, 240.277745, 253.793846, 260.878477, -264.923316, 105.966454, 125.566555, 161.143046, 183.721345, 213.934676], "gm2": [2.765547e-09, 2.757235e-09, 2.756923e-09, 2.744079e-09, 2.735422e-09, 2.750967e-09, 2.757623e-09, 2.741553e-09, 2.728863e-09, 2.740575e-09, 2.755835e-09, 2.742564e-09, 2.732509e-09, 2.727628e-09, 2.729184e-09, 2.743048e-09, 2.738713e-09, 2.736231e-09, 2.731409e-09, 2.736274e-09, 2.710895e-09, 2.734709e-09, 2.738948e-09, 2.741176e-09, 2.739628e-09, 2.755968e-09, 2.742758e-09, 2.682088e-09, 2.719894e-09, 2.737699e-09, 2.746477e-09, 2.749693e-09, 2.762596e-09, 2.765309e-09, 2.752172e-09, 2.780573e-09, 2.635028e-09, 2.674622e-09, 2.725064e-09, 2.747548e-09, 2.758767e-09, 2.769189e-09, 2.776383e-09, 2.78705e-09, 2.782696e-09, 2.509488e-09, 2.585388e-09, 2.700008e-09, 2.734189e-09, 2.756806e-09], "omega_dm": [0.0011603, 0.001429, 0.0028354, 0.0020411, 0.0026737, 0.0089502, 0.0032341, 0.0054126, 0.003616, 0.05697, 0.011706, 0.017055, 0.010241, 0.0042984, 0.3031, 0.079125, 0.060955, 0.026543, 0.0047739, 0.0048609, 1.4713, 0.54029, 0.33763, 0.18017, 0.022348, 0.019813, 0.0048965, 2.2638, 1.5131, 1.0197, 0.68004, 0.10185, 0.0084108, 0.006088, 0.0056398, 0.0062759, 2.7849, 2.0811, 1.4475, 1.138, 0.39021, 0.39305, 0.13389, 0.034305, 0.0076633, 0.47257, 0.3416, 1.7056, 1.3731, 1.1105], "dd_pval": [0.0, 0.0, 0.00049, 0.0, 0.0, 0.01183, 2e-05, 0.0, 0.0, 0.0541, 0.00539, 0.00042, 0.0, 0.0, 0.09344, 0.02776, 0.00051, 0.0, 0.0, 0.0, 0.13263, 0.06334, 0.00518, 0.0, 0.0, 0.0, 0.0, 0.16363, 0.09855, 0.00959, 0.0, 0.0, 0.0, 0.0, 0.0, 0.0, 0.18435, 0.14865, 0.04797, 0.00051, 0.0, 0.0, 0.0, 0.0, 0.0, 0.19864, 0.16825, 0.06561, 0.01151, 1e-05], "cx": [NaN, NaN, NaN, NaN, NaN, NaN, NaN, NaN, NaN, NaN, NaN, NaN, NaN, NaN, NaN, NaN, NaN, NaN, NaN, NaN, NaN, NaN, NaN, NaN, NaN, NaN, NaN, NaN, NaN, NaN, NaN, NaN, NaN, NaN, NaN, NaN, NaN, NaN, NaN, NaN, NaN, NaN, NaN, NaN, NaN, NaN, NaN, NaN, NaN, NaN], "r": [1.79998113828, 1.81256744233, 4.32907793473, 1.37025871693, 1.18414596148, 6.66403461074, 5.89279407928, 8.68438968583, 0.7326393567, 25.6632524192, 8.40591138123, 8.50366429982, 3.21671640023, 0.454696897259, 8.13836083123, 4.62656912381, 2.18167266785, 2.95866580503, 0.444730076983, 0.0908070301561, 7.56392543101, 3.94720180536, 1.97702664272, 1.46493000534, 0.652112061358, 0.261914881597, 0.0935783556816, 4.73843228538, 2.52345027496, 5.64054376605, 2.59296861543, 0.345262042589, 0.13871288242, 0.249397683488, 0.137869441431, 0.527031791479, 4.42710051276, 4.9178582233, 3.08162210318, 1.51570222643, 0.622693581897, 0.369637555736, 0.206127225473, 0.214823677835, 0.137681929723, 17.8423376971, 12.0825362051, 4.57017148047, 1.91459782358, 1.06678278805], "analysis": ["atlas_1908_08215\n", "atlas_1908_08215\n", "atlas_1712_08119\n", "atlas_1908_08215\n", "atlas_1908_08215\n", "atlas_1911_12606\n", "atlas_1911_12606\n", "atlas_1911_12606\n", "atlas_1908_08215\n", "atlas_1911_12606\n", "atlas_1911_12606\n", "atlas_1911_12606\n", "atlas_1911_12606\n", "atlas_1908_08215\n", "atlas_1911_12606\n", "atlas_1911_12606\n", "atlas_1911_12606\n", "atlas_1911_12606\n", "atlas_1911_12606\n", "atlas_1911_12606\n", "atlas_1911_12606\n", "atlas_1911_12606\n", "atlas_1911_12606\n", "atlas_1911_12606\n", "atlas_1911_12606\n", "atlas_1911_12606\n", "atlas_1911_12606\n", "atlas_1911_12606\n", "atlas_1911_12606\n", "atlas_1911_12606\n", "atlas_1911_12606\n", "atlas_1911_12606\n", "atlas_1911_12606\n", "atlas_1908_08215\n", "atlas_conf_2016_096\n", "atlas_1908_08215\n", "atlas_1911_12606\n", "atlas_1911_12606\n", "atlas_1911_12606\n", "atlas_1911_12606\n", "atlas_1911_12606\n", "atlas_1911_12606\n", "atlas_1911_12606\n", "atlas_1911_12606\n", "atlas_1908_08215\n", "atlas_conf_2016_096\n", "atlas_conf_2016_096\n", "atlas_conf_2016_096\n", "atlas_1911_12606\n", "atlas_1911_12606\n"], "tanB": 20, "m_sleptons": 300, "sign_M1": 1.0,