{"index": [0, 1, 2, 3, 4, 5, 6, 8, 7, 10, 9, 11, 12, 13, 15, 14, 16, 17, 18, 19, 20, 21, 22, 23, 24, 25, 26, 27, 28, 29, 30, 31, 32, 33, 34, 35, 36, 37, 38, 39, 40, 41, 42, 43, 44, 45, 46, 47, 48, 49, 50, 51, 52, 53, 54, 55, 56, 57], "M1": [107.83277954720455, 106.90541940236909, 105.65823180201983, 103.98091482961435, 101.72512570444052, 98.69136126935292, 94.61131382835241, 81.74455708372294, 89.12414187515684, 58.4724447466019, 71.81990515765244, 40.521719547204526, 141.15951648666234, 139.9148678322089, 135.9877053938607, 138.2404063590249, 132.95708228325418, 128.87989823593756, 123.39474579401397, 116.01541315610139, 106.08778566397189, 92.73186413847671, 74.7637604866623, 173.65280925695487, 171.87260793381822, 169.50661056908666, 166.36205413203538, 162.182744664832, 156.62818459497544, 149.2458316460585, 139.4342292190476, 126.39400439481331, 109.06274125695484, 204.89585524959108, 201.88482973691322, 197.82556801518865, 192.35314486364783, 184.97559268728884, 175.02967392192897, 161.62125637062718, 143.54493124959106, 233.67465517140914, 228.30150217783432, 220.94725933045737, 210.88149572334083, 197.10446944109208, 178.24783217140913, 255.35, 245.1594198702877, 230.92949792801684, 211.05911999999998, 257.65784461777673, 230.1162566177767, 326.77590051879173, 300.57044151879165, 349.1, 333.6969880931003, 310.812646], "M2": [100.0, 100.0, 100.0, 100.0, 100.0, 100.0, 100.0, 100.0, 100.0, 100.0, 100.0, 100.0, 131.25, 131.25, 131.25, 131.25, 131.25, 131.25, 131.25, 131.25, 131.25, 131.25, 131.25, 162.5, 162.5, 162.5, 162.5, 162.5, 162.5, 162.5, 162.5, 162.5, 162.5, 193.75, 193.75, 193.75, 193.75, 193.75, 193.75, 193.75, 193.75, 225.0, 225.0, 225.0, 225.0, 225.0, 225.0, 256.25, 256.25, 256.25, 256.25, 287.5, 287.5, 318.75, 318.75, 350.0, 350.0, 350.0], "~chi_10": [103.388352, 102.730103, 101.718266, 100.238085, 98.1531753, 95.2815997, 91.3725907, 78.9451585, 86.0826866, 56.3832602, 69.3289937, 38.9620208, 135.172904, 134.331377, 131.042625, 133.00731, 128.25665, 124.408334, 119.162819, 112.059046, 102.468796, 89.5417416, 72.1304395, 165.438972, 164.30757, 162.511994, 159.835159, 156.046673, 150.849235, 143.830763, 134.426328, 121.871905, 105.143212, 193.39315, 191.566912, 188.548204, 183.919733, 177.248588, 167.961036, 155.242776, 137.957082, 217.037789, 213.921784, 208.564844, 200.122629, 187.72344, 170.180024, 230.964769, 225.269303, 215.050044, 198.434848, 225.646004, 209.225476, 220.136203, 217.734508, 194.037655, 193.379648, 192.112429], "~chi_20": [106.246913, 106.005302, 105.806952, 105.659567, 105.555488, 105.483042, 105.432429, 105.37126, 105.39672, 105.33965, 105.352937, 105.329959, 138.905048, 138.540767, 138.024448, 138.242459, 137.873793, 137.770964, 137.700227, 137.650896, 137.616021, 137.591082, 137.573084, 170.934409, 170.346943, 169.8578, 169.497759, 169.249199, 169.080157, 168.964164, 168.883294, 168.826012, 168.784887, 202.095165, 201.032919, 200.156341, 199.530888, 199.115075, 198.841482, 198.658679, 198.533961, 231.636419, 229.664017, 228.046029, 226.9237, 226.202607, 225.741915, 256.68484, 252.931088, 249.869564, 247.807956, 268.097826, 258.871026, -264.00431, -264.072992, -225.791501, -225.83402, -225.901556], "gm2": [2.762279e-09, 2.760542e-09, 2.758131e-09, 2.754747e-09, 2.749936e-09, 2.742978e-09, 2.732701e-09, 2.692687e-09, 2.717111e-09, 2.585118e-09, 2.652907e-09, 2.463688e-09, 2.747084e-09, 2.746623e-09, 2.744847e-09, 2.745927e-09, 2.743125e-09, 2.740299e-09, 2.735509e-09, 2.727117e-09, 2.711866e-09, 2.683005e-09, 2.625787e-09, 2.734009e-09, 2.734693e-09, 2.735525e-09, 2.736489e-09, 2.737505e-09, 2.738352e-09, 2.738495e-09, 2.736719e-09, 2.730261e-09, 2.712726e-09, 2.729515e-09, 2.731482e-09, 2.734029e-09, 2.737257e-09, 2.74119e-09, 2.745614e-09, 2.749645e-09, 2.750591e-09, 2.734817e-09, 2.738484e-09, 2.743358e-09, 2.749699e-09, 2.757589e-09, 2.766381e-09, 2.750012e-09, 2.756249e-09, 2.764716e-09, 2.77578e-09, 2.774237e-09, 2.788199e-09, 2.770132e-09, 2.780839e-09, 2.783893e-09, 2.788689e-09, 2.796093e-09], "omega_dm": [0.00095466, 0.0013234, 0.0020989, 0.0040053, 0.009907, 0.034499, 0.17422, 2.1212, 0.98589, 1.4007, 2.5852, 3.1242, 0.0014627, 0.0020333, 0.0062527, 0.003248, 0.015606, 0.054697, 0.26396, 1.0608, 1.6002, 1.8742, 2.4603, 0.0022014, 0.0031524, 0.0053007, 0.010975, 0.029923, 0.11232, 0.48494, 1.1515, 1.3745, 1.5805, 0.0032406, 0.0051639, 0.010581, 0.029791, 0.11847, 0.52595, 1.0769, 1.2387, 0.004932, 0.0091851, 0.025179, 0.099541, 0.36403, 0.90132, 0.0084402, 0.018725, 0.06225, 0.20194, 0.015153, 0.052238, 0.0063702, 0.0073182, 0.0062807, 0.0065199, 0.0070147], "dd_pval": [0.0, 0.0, 8e-05, 0.00203, 0.01386, 0.04213, 0.0812, 0.15462, 0.12096, 0.19294, 0.17896, 0.20593, 0.0, 0.0, 0.0003, 0.0, 0.00421, 0.0189, 0.04536, 0.07725, 0.10788, 0.13278, 0.14819, 0.0, 0.0, 0.0, 0.0, 5e-05, 0.00089, 0.00487, 0.01392, 0.02751, 0.04324, 0.0, 0.0, 0.0, 0.0, 0.0, 1e-05, 0.00015, 0.0011, 0.0, 0.0, 0.0, 0.0, 0.0, 0.0, 0.0, 0.0, 0.0, 0.0, 0.0, 0.0, 0.0, 0.0, 0.0, 0.0, 0.0], "cx": [NaN, NaN, NaN, NaN, NaN, NaN, NaN, NaN, NaN, NaN, NaN, NaN, NaN, NaN, NaN, NaN, NaN, NaN, NaN, NaN, NaN, NaN, NaN, NaN, NaN, NaN, NaN, NaN, NaN, NaN, NaN, NaN, NaN, NaN, NaN, NaN, NaN, NaN, NaN, NaN, NaN, NaN, NaN, NaN, NaN, NaN, NaN, NaN, NaN, NaN, NaN, NaN, NaN, NaN, NaN, NaN, NaN, NaN], "r": [NaN, NaN, NaN, NaN, NaN, NaN, NaN, NaN, NaN, NaN, NaN, NaN, NaN, NaN, NaN, NaN, NaN, NaN, NaN, NaN, NaN, NaN, NaN, NaN, NaN, NaN, NaN, NaN, NaN, NaN, NaN, NaN, NaN, NaN, NaN, NaN, NaN, NaN, NaN, NaN, NaN, NaN, NaN, NaN, NaN, NaN, NaN, NaN, NaN, NaN, NaN, NaN, NaN, NaN, NaN, NaN, NaN, NaN], "analysis": ["", "", "", "", "", "", "", "", "", "", "", "", "", "", "", "", "", "", "", "", "", "", "", "", "", "", "", "", "", "", "", "", "", "", "", "", "", "", "", "", "", "", "", "", "", "", "", "", "", "", "", "", "", "", "", "", "", ""], "tanB": 20, "m_sleptons": 300, "sign_M1": 1.0, "mu": [666.5830366838449, 666.5830366838449, 666.5830366838449, 666.5830366838449, 666.5830366838449, 666.5830366838449, 666.5830366838449, 666.5830366838449, 666.5830366838449, 666.5830366838449, 666.5830366838449, 666.5830366838449, 625.7404521720651, 625.7404521720651, 625.7404521720651, 625.7404521720651, 625.7404521720651, 625.7404521720651, 625.7404521720651, 625.7404521720651, 625.7404521720651, 625.7404521720651, 625.7404521720651, 549.4752221531602, 549.4752221531602, 549.4752221531602, 549.4752221531602, 549.4752221531602, 549.4752221531602, 549.4752221531602, 549.4752221531602, 549.4752221531602, 549.4752221531602, 472.0338895195372, 472.0338895195372, 472.0338895195372, 472.0338895195372, 472.0338895195372, 472.0338895195372, 472.0338895195372, 472.0338895195372, 403.79791236582616, 403.79791236582616, 403.79791236582616, 403.79791236582616, 403.79791236582616, 403.79791236582616, 345.67474058710764, 345.67474058710764, 345.67474058710764, 345.67474058710764, 295.46301403225624, 295.46301403225624, 252.04284271430777, 252.04284271430777, 214.23711341981806, 214.23711341981806, 214.23711341981806]}