{"index": [0, 1, 2, 3, 4, 5, 6, 7, 8, 9, 10, 11, 12, 13, 14, 15, 16, 17, 18, 19, 20, 21, 22, 23, 24, 25, 26, 27, 28, 29, 30, 31, 32, 33, 34, 35, 36, 37, 38, 39, 40, 41, 42, 43, 44, 45, 46, 47, 48], "M1": [-106.42705020047028, -145.99021549776003, -186.53218588135607, -215.50050713735666, -254.12491518635713, -288.05918322230696, -330.89020853591774, -105.07988519226483, -141.31827273865147, -184.88395481260918, -237.46246279674634, -284.19932460193337, -317.2092955651394, -331.75514678210214, -102.2230378019845, -138.48762921282176, -182.87798066102383, -227.51956485681328, -271.72985759942134, -310.89013033374613, -327.21685877766225, -96.6171942996206, -135.01671623425952, -178.95037459936069, -224.65098806224975, -266.9929552012235, -302.0334623138349, -319.7538547701783, -89.72960630881832, -121.50952699495845, -165.31711464059495, -211.14796989814988, -255.00939036667188, -290.80877940787434, -306.5484911621846, -73.05399855154504, -98.15529326636175, -148.54909890815398, -194.16054406146253, -236.1169268529417, -270.881504334368, -284.07040281456153, -41.4917030554412, -77.64186581445779, -107.04142949509085, -147.3222641120209, -185.24793530385966, -219.18948178489563, -248.5181046958345], "M2": [100.3491509075147, 138.2369188197445, 176.58618562277707, 204.44421228729496, 243.41028650700005, 281.05667607968564, 342.8305792305003, 100.16608783081384, 135.2283948281961, 176.4853126544941, 227.62683488944197, 278.1965413815231, 319.90080553669037, 349.6460112205124, 100.21207895346645, 135.3662553845001, 177.3361816889463, 220.38612629196402, 266.9046097340173, 315.1571224712235, 349.60098481306756, 100.27522841905727, 137.47382055765962, 178.89144057440137, 222.98012882607057, 267.70060860805415, 310.7698273778902, 349.0152662206122, 100.29160299372843, 135.5175766808823, 175.86115743420842, 219.78173379380388, 265.7323192901878, 310.77043684025944, 349.28461939704727, 100.31286486164205, 131.61290935707603, 177.68831241063884, 221.66312886342885, 265.68511876569886, 310.11445994745435, 349.3733958197944, 101.20372035655043, 138.42855491290027, 166.17278905522232, 204.54673099270096, 242.86433512785723, 281.20199550951156, 319.40850307010936], "~chi_10": [-103.638232, -142.033578, -181.204745, -209.016229, -245.645706, -276.808996, 308.745946, -102.330023, -137.506569, -179.610712, -229.918499, -273.301067, -300.942616, -308.437294, -99.555776, -134.759931, -177.666152, -220.446625, -261.898277, -295.821101, -305.07314, -94.1117039, -131.388762, -173.859049, -217.663224, -257.399555, -288.224134, -299.421307, -87.4220912, -118.282629, -160.673348, -204.696919, -246.080548, -278.04588, -288.689386, -71.2228501, -95.6107701, -144.423142, -188.308468, -228.089791, -259.729748, -269.430106, -40.5540863, -75.6787975, -104.196563, -143.136228, -179.546506, -211.672974, -238.553789], "~chi_20": [105.407198, 144.507033, 183.188783, 210.548283, 247.137944, 278.888367, -309.135152, 105.21703, 141.437301, 183.088573, 232.630291, 276.680582, 302.855845, 308.939578, 105.265037, 141.578305, 183.934772, 225.815568, 267.581327, 300.72097, 308.946287, 105.331027, 143.729472, 185.48012, 228.26964, 268.242152, 298.507049, 308.967019, 105.348618, 141.734059, 182.469457, 225.244682, 266.60964, 298.514252, 308.979622, 105.372246, 137.746027, 184.287959, 227.029363, 266.575311, 298.17609, 309.008925, 106.301494, 144.708594, 172.804096, 210.655921, 246.657709, 279.024357, 302.700552], "gm2": [2.752948e-09, 2.749496e-09, 2.744743e-09, 2.740772e-09, 2.73794e-09, 2.736281e-09, 2.728893e-09, 2.753552e-09, 2.749061e-09, 2.744969e-09, 2.738267e-09, 2.736267e-09, 2.732343e-09, 2.72754e-09, 2.755871e-09, 2.750495e-09, 2.745839e-09, 2.739147e-09, 2.736292e-09, 2.732642e-09, 2.727036e-09, 2.760599e-09, 2.753938e-09, 2.751096e-09, 2.738595e-09, 2.735828e-09, 2.732623e-09, 2.726336e-09, 2.76672e-09, 2.759793e-09, 2.749015e-09, 2.739696e-09, 2.73514e-09, 2.731441e-09, 2.724907e-09, 2.783682e-09, 2.772636e-09, 2.755469e-09, 2.74066e-09, 2.734342e-09, 2.72981e-09, 2.722839e-09, 2.826918e-09, 2.797999e-09, 2.773601e-09, 2.75309e-09, 2.739789e-09, 2.732609e-09, 2.726486e-09], "omega_dm": [0.0012204, 0.0022682, 0.0027998, 0.0032014, 0.0043256, 0.0062916, 0.0073651, 0.0019101, 0.0033992, 0.003944, 0.0048095, 0.0074903, 0.0083423, 0.0089303, 0.0061405, 0.0081321, 0.0074343, 0.0074083, 0.0098177, 0.011774, 0.013214, 0.068022, 0.045227, 0.025577, 0.019136, 0.020977, 0.022185, 0.023739, 1.0633, 1.2515, 0.29264, 0.12091, 0.087406, 0.0742, 0.065567, 12.206, 8.0872, 3.8763, 1.2952, 0.63555, 0.34463, 0.21591, 1.1119, 11.445, 7.1165, 4.4379, 2.0342, 1.0771, 0.5901], "dd_pval": [0.5, 0.5, 0.5, 0.5, 0.42003, 0.0461, 0.0, 0.5, 0.5, 0.5, 0.5, 0.06612, 1e-05, 0.0, 0.5, 0.5, 0.5, 0.5, 0.17213, 0.00012, 0.0, 0.5, 0.5, 0.5, 0.5, 0.19562, 0.00092, 0.0, 0.5, 0.5, 0.5, 0.5, 0.28391, 0.00374, 0.0, 0.42441, 0.5, 0.5, 0.5, 0.41463, 0.02436, 6e-05, 0.14688, 0.46517, 0.5, 0.5, 0.5, 0.43857, 0.06074], "cx": [NaN, NaN, NaN, NaN, NaN, NaN, NaN, NaN, NaN, NaN, NaN, NaN, NaN, NaN, NaN, NaN, NaN, NaN, NaN, NaN, NaN, NaN, NaN, NaN, NaN, NaN, NaN, NaN, NaN, NaN, NaN, NaN, NaN, NaN, NaN, NaN, NaN, NaN, NaN, NaN, NaN, NaN, NaN, NaN, NaN, NaN, NaN, NaN, NaN], "r": [1.018251052, 0.589623351287, 0.412977790263, 0.353247710592, 0.483441751351, 0.446717755702, 0.302839647448, 0.873839448446, 0.544849013023, 0.350795863173, 0.478739020273, 0.452714616814, 0.374702142887, 0.262421015394, 1.61232919829, 0.407635967984, 0.339313432292, 0.421627254218, 0.432759260278, 0.370250418915, 0.307565578353, 1.2743174624, 0.615510067293, 1.74802831223, 0.427934868932, 0.350992424017, 0.33122825843, 0.270222654738, 0.970711426037, 0.489927438081, 0.504979314625, 0.320155012036, 0.385812526958, 0.338576605601, 0.281656196822, 0.499674754419, 0.595313064298, 0.316036537419, 0.245815602308, 0.309422838275, 0.275518546158, 0.256775709929, 1.96771234475, 0.752037753621, 0.409013436003, 0.1789087694, 0.1900782157, 0.239961371473, 0.245824911479], "analysis": ["atlas_conf_2020_048\n", "atlas_conf_2020_048\n", "atlas_conf_2020_048\n", "atlas_conf_2020_048\n", "atlas_1908_08215\n", "atlas_1908_08215\n", "atlas_1908_08215\n", "atlas_conf_2020_048\n", "atlas_conf_2020_048\n", "atlas_conf_2020_048\n", "atlas_1908_08215\n", "atlas_1908_08215\n", "atlas_1908_08215\n", "atlas_1908_08215\n", "atlas_1911_12606\n", "atlas_1911_12606\n", "atlas_conf_2020_048\n", "atlas_1908_08215\n", "atlas_1908_08215\n", "atlas_1908_08215\n", "atlas_1908_08215\n", "atlas_1911_12606\n", "atlas_1911_12606\n", "atlas_1911_12606\n", "atlas_1911_12606\n", "atlas_1908_08215\n", "atlas_1908_08215\n", "atlas_1908_08215\n", "atlas_1911_12606\n", "atlas_1911_12606\n", "atlas_1911_12606\n", "atlas_1803_02762\n", "atlas_1908_08215\n", "atlas_1908_08215\n", "atlas_1908_08215\n", "atlas_1911_12606\n", "atlas_1911_12606\n", "atlas_1911_12606\n", "atlas_1803_02762\n", "atlas_1908_08215\n", "atlas_1908_08215\n", "atlas_1908_08215\n", "atlas_conf_2016_096\n", "atlas_conf_2016_096\n", "atlas_conf_2016_096\n", "atlas_1803_02762\n", "atlas_1803_02762\n", "atlas_1908_08215\n", "atlas_1908_08215\n"], "tanB": 40, "m_sleptons": 500, "sign_M1": -1.0,