{"index": [0, 1, 2, 3, 4, 5, 6, 7, 8, 9, 10, 11, 12, 13, 14, 15, 16, 17, 18, 19, 20, 21, 22, 23, 24, 25, 26, 27, 28, 29, 30, 31, 32, 33, 34, 35, 36, 37, 38, 39, 40, 41, 42, 43, 44, 45, 46, 47, 48, 49, 50, 51, 52, 53, 54, 55, 56, 57, 58, 59, 60, 61, 62, 63, 64, 65, 66, 67, 68, 69, 70, 71, 72, 73, 74, 75, 76, 77, 78, 79, 80, 81, 82, 83, 84, 85, 86, 87, 88, 89, 90, 91, 92, 93], "M1": [-105.86663198261647, -105.33727171197125, -104.52768914518845, -103.28954573174386, -101.39597838586063, -98.5000317172757, -94.07108593643456, -87.29763221837433, -76.93858120691887, -61.095860148411695, -36.86663198261644, -139.16127998809367, -138.63191971744845, -137.82233715066565, -136.58419373722106, -134.69062639133782, -131.7946797227529, -127.36573394191176, -120.59228022385153, -110.23322921239607, -94.3905081538889, -70.16127998809364, -171.96890244230153, -171.4395421716563, -170.6299596048735, -169.39181619142892, -167.49824884554567, -164.60230217696076, -160.17335639611963, -153.3999026780594, -143.0408516666039, -127.19813060809676, -102.9689024423015, -204.20972676162555, -203.60644115649862, -202.63920203001834, -201.08844146181698, -198.6021293658213, -194.61586097245848, -188.22473423920744, -177.9779327472442, -161.5493834165865, -135.20972676162552, -235.6735477457271, -235.07026214060016, -234.10302301411988, -232.55226244591853, -230.06595034992284, -226.07968195656002, -219.68855522330898, -209.44175373134573, -193.01320440068804, -166.67354774572706, -265.88669691110726, -265.35733664046205, -264.54775407367924, -263.3096106602346, -261.41604331435144, -258.5200966457665, -254.09115086492537, -247.31769714686513, -236.95864613540965, -221.1159250769025, -196.88669691110724, -293.71495233515435, -293.18559206450914, -292.37600949772633, -291.1378660842817, -289.2442987383985, -286.3483520698136, -281.9194062889724, -275.1459525709122, -264.78690155945674, -248.94418050094959, -224.71495233515432, -317.084535827338, -316.6131174175512, -315.91946369067847, -314.89880882694064, -313.3969984703984, -311.18720706377366, -307.9356793062773, -303.15132150396425, -296.1115293546337, -285.753049585036, -270.51139175464573, -248.084535827338, -336.28339240343183, -334.0555541551524, -330.3668498354033, -324.25934199948034, -314.1469424324697, -297.4035132384207, -269.68087240343186], "M2": [100.0, 100.0, 100.0, 100.0, 100.0, 100.0, 100.0, 100.0, 100.0, 100.0, 100.0, 131.25, 131.25, 131.25, 131.25, 131.25, 131.25, 131.25, 131.25, 131.25, 131.25, 131.25, 162.5, 162.5, 162.5, 162.5, 162.5, 162.5, 162.5, 162.5, 162.5, 162.5, 162.5, 193.75, 193.75, 193.75, 193.75, 193.75, 193.75, 193.75, 193.75, 193.75, 193.75, 225.0, 225.0, 225.0, 225.0, 225.0, 225.0, 225.0, 225.0, 225.0, 225.0, 256.25, 256.25, 256.25, 256.25, 256.25, 256.25, 256.25, 256.25, 256.25, 256.25, 256.25, 287.5, 287.5, 287.5, 287.5, 287.5, 287.5, 287.5, 287.5, 287.5, 287.5, 287.5, 318.75, 318.75, 318.75, 318.75, 318.75, 318.75, 318.75, 318.75, 318.75, 318.75, 318.75, 318.75, 350.0, 350.0, 350.0, 350.0, 350.0, 350.0, 350.0], "~chi_10": [-103.093905, -102.579937, -101.793778, -100.591403, -98.7526321, -95.9402389, -91.6388302, -85.0597854, -74.9967515, -59.6041977, -36.0593061, -135.420286, -134.906601, -134.121017, -132.91961, -131.082046, -128.271657, -123.973013, -117.398031, -107.340361, -91.9545135, -68.4162283, -167.165724, -166.652952, -165.868853, -164.669452, -162.835062, -160.029424, -155.737915, -149.173082, -139.13004, -123.763861, -100.250757, -198.202293, -197.619793, -196.685883, -195.188324, -192.787036, -188.936264, -182.760067, -172.852872, -156.957145, -131.446582, -228.23295, -227.653839, -226.725071, -225.235895, -222.847617, -219.016921, -212.8715, -203.009577, -187.17757, -161.751023, -256.611437, -256.108766, -255.339993, -254.163758, -252.364164, -249.610302, -245.394767, -238.939124, -229.048195, -213.885184, -190.626752, -281.816485, -281.326172, -280.575995, -279.427959, -277.670254, -274.978007, -270.851239, -264.520179, -254.796505, -239.845402, -216.83507, -300.941542, -300.532309, -299.929417, -299.040583, -297.729379, -295.792883, -292.928847, -288.685164, -282.384006, -273.007167, -259.028001, -238.169367, 308.924271, 308.927012, -307.342917, -302.750784, -294.80426, -280.914569, -256.592817], "~chi_20": [105.044367, 105.044406, 105.044463, 105.044552, 105.044691, 105.044907, 105.045249, 105.0458, 105.04672, 105.048336, 105.05147, 137.371653, 137.371689, 137.371744, 137.371828, 137.371959, 137.372163, 137.372481, 137.372989, 137.373816, 137.375211, 137.37773, 169.116067, 169.116108, 169.11617, 169.116265, 169.116412, 169.116639, 169.116994, 169.117554, 169.118453, 169.119939, 169.122519, 200.149186, 200.149243, 200.149337, 200.149487, 200.149732, 200.150128, 200.150779, 200.151864, 200.15372, 200.157039, 230.172139, 230.17222, 230.17235, 230.172559, 230.172899, 230.173448, 230.174349, 230.175842, 230.178373, 230.182828, 258.533317, 258.533426, 258.533594, 258.533852, 258.53425, 258.534862, 258.535812, 258.537294, 258.539631, 258.543385, 258.549589, 283.693935, 283.694126, 283.69442, 283.694872, 283.695566, 283.696635, 283.698291, 283.70087, 283.704928, 283.71142, 283.722074, 302.362187, 302.362513, 302.362993, 302.363703, 302.36475, 302.366299, 302.368599, 302.372025, 302.377161, 302.384929, 302.396844, 302.41551, -311.616746, -310.029092, 308.93159, 308.939284, 308.952343, 308.974889, 309.014982], "gm2": [2.752578e-09, 2.752978e-09, 2.753595e-09, 2.754552e-09, 2.756045e-09, 2.758398e-09, 2.762164e-09, 2.768328e-09, 2.778744e-09, 2.797132e-09, 2.831371e-09, 2.745836e-09, 2.746086e-09, 2.746472e-09, 2.747073e-09, 2.748014e-09, 2.749508e-09, 2.751923e-09, 2.755935e-09, 2.762856e-09, 2.775437e-09, 2.799916e-09, 2.742142e-09, 2.742272e-09, 2.742473e-09, 2.742787e-09, 2.743285e-09, 2.744085e-09, 2.745403e-09, 2.747649e-09, 2.751659e-09, 2.759268e-09, 2.774871e-09, 2.740291e-09, 2.740343e-09, 2.740429e-09, 2.740574e-09, 2.740826e-09, 2.741281e-09, 2.742148e-09, 2.743914e-09, 2.747819e-09, 2.757314e-09, 2.738152e-09, 2.738141e-09, 2.738124e-09, 2.738103e-09, 2.738082e-09, 2.738082e-09, 2.738175e-09, 2.738579e-09, 2.739956e-09, 2.744393e-09, 2.736388e-09, 2.736345e-09, 2.736282e-09, 2.736187e-09, 2.736046e-09, 2.735843e-09, 2.735561e-09, 2.735201e-09, 2.734831e-09, 2.734739e-09, 2.735912e-09, 2.735922e-09, 2.735864e-09, 2.735775e-09, 2.735642e-09, 2.735441e-09, 2.735141e-09, 2.734701e-09, 2.734076e-09, 2.733237e-09, 2.732267e-09, 2.731662e-09, 2.732592e-09, 2.732536e-09, 2.732454e-09, 2.732334e-09, 2.732158e-09, 2.731903e-09, 2.731533e-09, 2.731005e-09, 2.730263e-09, 2.729252e-09, 2.727968e-09, 2.726606e-09, 2.727987e-09, 2.727729e-09, 2.727308e-09, 2.726624e-09, 2.725539e-09, 2.723884e-09, 2.721641e-09], "omega_dm": [0.0013085, 0.0016093, 0.002211, 0.0036231, 0.0078949, 0.027028, 0.1769, 2.7905, 11.362, 1.9568, 7.4232, 0.0018107, 0.0021215, 0.0026973, 0.0038978, 0.0069167, 0.017109, 0.070865, 0.56743, 5.3173, 8.6062, 12.73, 0.0024651, 0.0028049, 0.003406, 0.0045727, 0.0071961, 0.014642, 0.044893, 0.24653, 2.119, 5.4067, 7.552, 0.0032039, 0.0036294, 0.0044107, 0.0060005, 0.0098398, 0.022158, 0.083948, 0.61125, 3.5207, 5.0006, 0.0040899, 0.0045576, 0.005394, 0.007023, 0.010688, 0.021139, 0.064454, 0.34317, 1.5645, 3.7137, 0.0051298, 0.0055779, 0.0063156, 0.0075977, 0.010026, 0.015293, 0.029356, 0.079777, 0.31517, 1.0023, 1.5875, 0.0063983, 0.006886, 0.0076779, 0.009023, 0.011482, 0.016523, 0.028826, 0.067082, 0.21415, 0.61245, 0.97765, 0.0077194, 0.0081683, 0.0088532, 0.0099271, 0.011688, 0.014776, 0.020763, 0.034083, 0.069192, 0.16998, 0.37904, 0.5967, 0.0065063, 0.0072805, 0.010247, 0.016905, 0.037362, 0.11836, 0.30986],