{"index": [0, 1, 2, 3, 4, 5, 6, 7, 8, 9, 10, 11, 12, 13, 14, 15, 16, 17, 18, 19, 20], "M1": [-127.84678589210972, -125.18233597486254, -184.6652478916379, -230.5870227533011, -286.64596033888154, -359.14181781660517, -120.44224220932844, -184.89797106699487, -245.69298872080546, -305.29608875700234, -353.2159864522608, -110.95349666669689, -164.20804815168148, -228.551836705209, -285.1151159668354, -339.39101994725166, -92.2459322765112, -91.17994642744301, -159.04735125818152, -215.09400488932806, -286.11658317794894], "M2": [120.43825036508535, 120.1757328575307, 174.4121121944024, 218.73780186276005, 273.9714143722574, 349.91533003233366, 120.2633123619422, 180.17043688252096, 239.33014621864635, 298.0418975891389, 349.7684359605075, 120.29266282601648, 179.82590847219112, 238.99752037130034, 299.6716222112284, 349.71891939042314, 120.30821038267942, 151.81133120567992, 216.34915819768392, 271.48763223835726, 345.35980231404454], "gm2": [2.740211e-09, 2.742655e-09, 2.736855e-09, 2.735726e-09, 2.734089e-09, 2.730149e-09, 2.748157e-09, 2.737601e-09, 2.734512e-09, 2.732548e-09, 2.728813e-09, 2.760024e-09, 2.746597e-09, 2.734343e-09, 2.728308e-09, 2.725771e-09, 2.787975e-09, 2.813577e-09, 2.754201e-09, 2.730058e-09, 2.715455e-09], "omega_dm": [0.0019049, 0.0041208, 0.003304, 0.0047736, 0.006939, 0.010188, 0.021349, 0.011971, 0.014226, 0.015083, 0.018398, 0.53218, 0.85706, 0.20442, 0.20177, 0.070504, 5.6894, 5.8546, 2.9023, 1.7898, 1.0761], "dd_pval": [0.12894, 0.1323, 0.12029, 0.14013, 0.17167, 0.00964, 0.13976, 0.12038, 0.14828, 0.18265, 0.01443, 0.1627, 0.11596, 0.13905, 0.17063, 0.0315, 0.27912, 0.29135, 0.11583, 0.13242, 0.17084], "cx": [NaN, NaN, NaN, NaN, NaN, NaN, NaN, NaN, NaN, NaN, NaN, NaN, NaN, NaN, NaN, NaN, NaN, NaN, NaN, NaN, NaN], "r": [1.24796258266, 1.18293314895, 0.869286452878, 0.559747006215, 0.408238250329, 0.24623827099, 3.97030485279, 0.641203957507, 0.412814319968, 0.369819298434, 0.253983833467, 2.02797154666, 1.42218449386, 0.380111395038, 0.339914772241, 0.255430983699, 0.832385051728, 1.05416228797, 0.375540772083, 0.380648949585, 0.330825081908], "analysis": ["atlas_conf_2019_040\n", "atlas_conf_2019_040\n", "atlas_conf_2019_040\n", "atlas_conf_2019_040\n", "atlas_1908_08215\n", "atlas_1908_08215\n", "atlas_1911_12606\n", "atlas_conf_2019_040\n", "atlas_1908_08215\n", "atlas_1908_08215\n", "atlas_1908_08215\n", "atlas_1911_12606\n", "atlas_1911_12606\n", "atlas_1908_08215\n", "atlas_1908_08215\n", "atlas_1908_08215\n", "atlas_2004_10894\n", "atlas_conf_2016_096\n", "atlas_1908_08215\n", "atlas_1908_08215\n", "atlas_1908_08215\n"], "~chi_10": [-125.098885, -122.496406, -180.500004, -225.102309, -279.156222, -347.170255, -117.866204, -180.715064, -239.692216, -296.89991, -341.60804, -108.59682, -160.533762, -223.031764, -277.423104, -328.563348, -90.3191035, -89.2643617, -155.41934, -209.786923, -277.820146], "~chi_20": [127.511804, 127.238368, 183.198858, 228.008845, 282.205474, 349.88378, 127.329731, 189.073467, 248.475735, 304.907116, 349.77026, 127.360614, 188.723399, 248.148217, 306.416692, 349.734414, 127.377334, 160.021292, 225.622168, 279.82834, 346.294697], "tanB": 50, "m_sleptons": 500, "sign_M1": -1.0, "mu": [651.9741559519886, 652.0333241844974, 628.4546140256679, 595.8392714511152, 550.4988128022362, 487.2302344989267, 652.0135848363362, 624.8061118910583, 579.2957338974436, 530.2380418997664, 487.3516784058135, 652.0069696010371, 625.0564365066087, 579.5714929615123, 528.8662590026487, 487.3926159715843, 652.0034653720959, 641.5690708791087, 597.7383566112252, 552.5894787989747, 490.9964932537054]}