{"index": [0, 1, 2, 3, 4, 5, 6, 7, 8, 9, 10, 11, 12, 13, 14, 15, 16, 17, 18, 19, 20, 21, 22, 23, 24, 25, 26, 27, 28, 29, 30, 31, 32, 33, 34, 35, 36, 37, 38, 39, 40, 41, 42, 43, 44, 45, 46, 47], "M1": [-105.36537091471878, -133.40296571989734, -185.29657788169945, -226.38326296765138, -266.6931674626489, -305.4568506551853, -350.3396414320096, -103.50027612160454, -145.7470189167598, -185.98525377144972, -230.87792760846804, -277.07803437107475, -322.16300205892, -357.9165649874994, -99.3163690519619, -138.61355341911548, -181.20035086864593, -226.6577667629149, -272.8614506014164, -317.43861356598524, -353.7713947970613, -91.93953992174076, -132.61765021815276, -175.70356645262623, -221.05806688827477, -266.8717271782565, -310.94601955356336, -346.7792974380563, -83.6795936106188, -118.47708035274992, -164.17186631041562, -208.6697445715907, -254.6387298829073, -299.3997447697688, -335.0666984433202, -65.65363402490247, -86.73097304019562, -137.02252554587753, -188.32573843778596, -235.66767401385025, -281.34714426198855, -315.7130016245786, -72.82479684120499, -115.08074722029407, -145.16947293564516, -185.94084524444847, -225.6140563059213, -264.33431497186007], "M2": [100.19196134223543, 125.06469366169084, 174.01531489909505, 213.2287089196419, 252.4669724984559, 291.3289681085164, 338.7880845055703, 100.22957764551825, 138.0529531603993, 176.4213195228445, 219.37392465732148, 264.6351386663112, 310.3631536889219, 349.78298054453353, 100.28656402681128, 134.99272268459504, 175.29922336429888, 218.80861037726717, 264.072319578865, 309.31656646137316, 349.754906636085, 100.30646086100386, 136.00842515283838, 176.30613879244677, 219.75607949742775, 264.6981925009092, 309.5470612488517, 349.71604457577615, 100.32891388771566, 135.93151560066707, 176.11213212704732, 218.88842743656232, 263.9600069583277, 309.5013544150897, 349.69358379537806, 100.33605404488014, 126.29794135589526, 167.94361384404448, 217.3126875089117, 263.9338792356756, 310.15217461648723, 349.6860916530703, 133.8757292654947, 173.52445142411028, 201.99719605594333, 241.272120704277, 280.5342097627309, 319.74012095307455], "gm2": [NaN, NaN, 2.737666e-09, 2.735694e-09, 2.734867e-09, 2.733677e-09, 2.73104e-09, 2.748576e-09, 2.739317e-09, 2.738078e-09, 2.734948e-09, 2.734247e-09, 2.732187e-09, 2.730004e-09, 2.75494e-09, 2.743499e-09, 2.739551e-09, 2.735035e-09, 2.733722e-09, 2.731404e-09, 2.729058e-09, 2.766776e-09, 2.749288e-09, 2.742063e-09, 2.735493e-09, 2.73282e-09, 2.729902e-09, 2.72751e-09, 2.781288e-09, 2.764609e-09, 2.7477e-09, 2.736812e-09, 2.731684e-09, 2.72754e-09, 2.725044e-09, 2.81781e-09, 2.806671e-09, 2.764081e-09, 2.741543e-09, 2.730821e-09, 2.724176e-09, 2.721332e-09, 2.837438e-09, 2.788697e-09, 2.763775e-09, 2.741257e-09, 2.727603e-09, 2.719286e-09], "omega_dm": [NaN, NaN, 0.0031654, 0.0042314, 0.0056186, 0.0073962, 0.0098677, 0.0057015, 0.0034824, 0.0048214, 0.0061536, 0.0080648, 0.010301, 0.012977, 0.033594, 0.010587, 0.010559, 0.011466, 0.013392, 0.015784, 0.01937, 0.65986, 0.090382, 0.046665, 0.036353, 0.033897, 0.034112, 0.037551, 6.112, 2.7089, 0.54154, 0.26576, 0.16763, 0.12446, 0.10934, 9.5711, 6.3264, 3.2853, 1.7916, 1.0197, 0.60218, 0.41416, 8.2597, 4.2513, 3.1737, 2.1384, 1.5553, 1.1262], "dd_pval": [NaN, NaN, 0.5, 0.5, 0.5, 0.5, 0.2758, 0.5, 0.5, 0.5, 0.5, 0.5, 0.5, 0.16652, 0.5, 0.5, 0.5, 0.5, 0.5, 0.5, 0.19079, 0.5, 0.5, 0.5, 0.5, 0.5, 0.5, 0.23438, 0.49955, 0.5, 0.5, 0.5, 0.5, 0.5, 0.31238, 0.36073, 0.5, 0.5, 0.5, 0.5, 0.5, 0.44562, 0.41555, 0.5, 0.5, 0.5, 0.5, 0.5], "cx": [NaN, NaN, NaN, NaN, NaN, NaN, NaN, NaN, NaN, NaN, NaN, NaN, NaN, NaN, NaN, NaN, NaN, NaN, NaN, NaN, NaN, NaN, NaN, NaN, NaN, NaN, NaN, NaN, NaN, NaN, NaN, NaN, NaN, NaN, NaN, NaN, NaN, NaN, NaN, NaN, NaN, NaN, NaN, NaN, NaN, NaN, NaN, NaN], "r": [0.846195586107, 0.825785843282, 0.43348195707, 0.463932452883, 0.468429593211, 0.391729117244, 0.295024567996, 0.716624032708, 0.561157531218, 0.371865027104, 0.439374522291, 0.423966027514, 0.346898721298, 0.249541608859, 5.53548067981, 0.593846652259, 0.266208193889, 0.373252955818, 0.363329695693, 0.322632866188, 0.222056851646, 2.59845887304, 2.75502335281, 1.9423767867, 0.279496514272, 0.303814037306, 0.254714754158, 0.186413418916, 1.62800982922, 4.19949002522, 1.0435676223, 0.334289505621, 0.179224395307, 0.301473773496, 0.218883637021, 1.14184851775, 1.70238857526, 0.859869433888, 0.288375144382, 0.283425511081, 0.244209208678, 0.145445805214, 2.0301476926, 0.646440271898, 0.343306211247, 0.219346747551, 0.172748378329, 0.217681828788], "analysis": ["atlas_conf_2020_048\n", "atlas_conf_2020_048\n", "atlas_conf_2020_048\n", "atlas_1908_08215\n", "atlas_1908_08215\n", "atlas_1908_08215\n", "atlas_1908_08215\n", "atlas_2004_10894\n", "atlas_conf_2020_048\n", "atlas_conf_2020_048\n", "atlas_1908_08215\n", "atlas_1908_08215\n", "atlas_1908_08215\n", "atlas_1908_08215\n", "atlas_1911_12606\n", "atlas_1911_12606\n", "atlas_1911_12606\n", "atlas_1908_08215\n", "atlas_1908_08215\n", "atlas_1908_08215\n", "atlas_1908_08215\n", "atlas_1911_12606\n", "atlas_1911_12606\n", "atlas_1911_12606\n", "atlas_2004_10894\n", "atlas_1908_08215\n", "atlas_1908_08215\n", "atlas_1908_08215\n", "atlas_1911_12606\n", "atlas_1911_12606\n", "atlas_1911_12606\n", "atlas_2004_10894\n", "atlas_2004_10894\n", "atlas_1908_08215\n", "atlas_1908_08215\n", "atlas_1911_12606\n", "atlas_1911_12606\n", "atlas_1911_12606\n", "atlas_2004_10894\n", "atlas_1908_08215\n", "atlas_1908_08215\n", "atlas_1908_08215\n", "atlas_conf_2016_096\n", "atlas_1911_12606\n", "atlas_1911_12606\n", "atlas_1911_12606\n", "atlas_1803_02762\n", "atlas_1908_08215\n"], "~chi_10": [-130.16806, -130.16806, -180.627824, -220.440549, -259.302613, -296.342868, -338.307235, -101.033405, -142.184736, -181.292597, -224.778294, -269.25183, -312.103769, -345.105373, -96.9564514, -135.239304, -176.640387, -220.68508, -265.182369, -307.59876, -341.220617, -89.7678478, -129.39867, -171.290647, -215.245528, -259.388276, -301.375956, -334.650573, -81.7181433, -115.623537, -160.070221, -203.219853, -247.562464, -290.300544, -323.60156, -64.1494003, -84.6926123, -133.65508, -183.460091, -229.19719, -272.94111, -305.248249, -71.1380224, -112.280665, -141.528666, -181.062695, -219.362749, -256.462148], "~chi_20": [132.602846, 132.602846, 183.154293, 222.920182, 261.87103, 299.196317, 341.500161, 106.598356, 146.11234, 185.614321, 229.085502, 273.723091, 316.761075, 350.342313, 106.658386, 142.935577, 184.467417, 228.519856, 273.178075, 315.81235, 350.321237, 106.679518, 143.991343, 185.496894, 229.468349, 273.784834, 316.022288, 350.292327, 106.703323, 143.911839, 185.298977, 228.600482, 273.070372, 315.982074, 350.277331, 106.71154, 133.88923, 176.938466, 227.021814, 273.04633, 316.574456, 350.275714, 141.776558, 182.654665, 211.606546, 250.863899, 289.000097, 325.168697], "tanB": 50, "m_sleptons": 500, "sign_M1": -1.0, "mu": [649.7186811227477, 650.9889305375661, 628.6024889332868, 600.16427690062, 568.2756518409469, 535.7144854804559, 496.09857064384573, 649.7251984845524, 648.0313362927282, 627.0381491639151, 595.4436388423152, 558.1239308107132, 519.7987466545407, 486.9312318375154, 649.7350718860408, 648.989710573115, 627.7677153619786, 595.9077378605118, 558.5964169183457, 520.6713715225992, 486.95463933763665, 649.7385191909561, 648.7851772616419, 627.1130375475234, 595.1299059465615, 558.0709971744079, 520.4791892770899, 486.9870417971325, 649.7424093791436, 648.8006646370116, 627.2391770982174, 595.8422114442135, 558.6907032602612, 520.5172987807521, 487.00576917600335, 649.7436464753897, 650.740589864339, 632.5501968197955, 597.0493487000296, 558.7126374594604, 519.974657061624, 487.01201598422017, 649.2146409735473, 628.9216392988642, 608.7307655316688, 577.4661497813768, 544.7766752096204, 511.9804066191527]}