{"index": [0, 1, 2, 3, 4, 5, 6, 7, 8, 9, 10, 11, 12, 13, 14, 15, 16, 17, 18, 19, 20, 21, 22, 23, 24, 25, 26, 27, 28, 29, 30, 31, 32, 33, 34, 35, 36, 37, 38, 39, 40, 41, 42, 43, 44, 45, 46, 47, 48, 49, 50, 51, 52, 53, 54, 55, 56, 57, 58, 59, 60, 61, 62, 63, 64, 65, 66, 67, 68, 69, 70, 71, 72, 73, 74, 75, 76, 77, 78, 79, 80, 81, 82, 83, 84, 85, 86, 87, 88, 89, 90, 91, 92, 93, 94, 95, 96, 97, 98, 99, 100, 101, 102, 103, 104, 105, 106, 107], "M1": [-127.37502146688529, -126.78164560759015, -125.93185108361676, -124.71483033418312, -122.97189193817344, -120.47576830700403, -116.9009815007997, -111.78140306716833, -104.44947398747782, -93.94915941538895, -78.9112880837863, -57.37502146688527, -145.62426414088728, -145.01857080347162, -144.15339049008287, -142.91755557423375, -141.15227275908302, -138.63071961512992, -135.02890000684414, -129.88401360151792, -122.53499032927567, -112.03754902521766, -97.04286607893255, -75.62426414088728, -166.3680935622967, -165.74965859257907, -164.86860840763282, -163.61342481290782, -161.82523398861, -159.27769716806736, -155.6483619965435, -150.47784839256175, -143.1117028960753, -132.6175617659518, -117.66713781471726, -96.3680935622967, -189.92743483308035, -189.29609160635107, -188.39901046227496, -187.12433997404312, -185.31314946547158, -182.739612940836, -179.08285225647433, -173.88692883565307, -166.50399554431243, -156.01352069128427, -141.10751269970552, -119.92743483308038, -216.64809822142405, -216.00418805074312, -215.09154382993862, -213.7980101792944, -211.96462399527402, -209.36607938216503, -205.6830396793619, -200.46289399319846, -193.06413558067547, -182.57752671227195, -167.7143619179265, -146.64809822142405, -246.87983390545966, -246.22459871464008, -245.2979659101417, -243.9875229327148, -242.13429607872143, -239.51346493114596, -235.8070887315453, -230.5655360486589, -223.15293866298782, -212.67005251715972, -197.84516776639492, -176.8798339054597, -280.9174139032522, -280.25401693291997, -279.317323847741, -277.9947463035858, -276.12731353613935, -273.49056444241404, -269.7675678749028, -264.51082825008035, -257.08849761343106, -246.60842897552462, -231.8109423056485, -210.9174139032522, -318.79008687074503, -318.12667041202195, -317.1899533262166, -315.8673468588877, -313.99988026312644, -311.36309330311167, -307.64005724544666, -302.3832815950559, -294.9609279539599, -284.4808661751401, -269.683444737314, -248.79008687074503, -359.4647605781455, -358.826715588522, -357.9213295422678, -356.63658645034957, -354.8135355881672, -352.2266258261995, -348.55580003884165, -343.3468970615374, -335.9554620551655, -325.4670133949653, -310.5839013601815, -289.4647605781455], "M2": [119.99999999999996, 119.99999999999996, 119.99999999999996, 119.99999999999996, 119.99999999999996, 119.99999999999996, 119.99999999999996, 119.99999999999996, 119.99999999999996, 119.99999999999996, 119.99999999999996, 119.99999999999996, 137.18040978107922, 137.18040978107922, 137.18040978107922, 137.18040978107922, 137.18040978107922, 137.18040978107922, 137.18040978107922, 137.18040978107922, 137.18040978107922, 137.18040978107922, 137.18040978107922, 137.18040978107922, 156.8205402308735, 156.8205402308735, 156.8205402308735, 156.8205402308735, 156.8205402308735, 156.8205402308735, 156.8205402308735, 156.8205402308735, 156.8205402308735, 156.8205402308735, 156.8205402308735, 156.8205402308735, 179.2725497580121, 179.2725497580121, 179.2725497580121, 179.2725497580121, 179.2725497580121, 179.2725497580121, 179.2725497580121, 179.2725497580121, 179.2725497580121, 179.2725497580121, 179.2725497580121, 179.2725497580121, 204.93901531919204, 204.93901531919204, 204.93901531919204, 204.93901531919204, 204.93901531919204, 204.93901531919204, 204.93901531919204, 204.93901531919204, 204.93901531919204, 204.93901531919204, 204.93901531919204, 204.93901531919204, 234.2801508468137, 234.2801508468137, 234.2801508468137, 234.2801508468137, 234.2801508468137, 234.2801508468137, 234.2801508468137, 234.2801508468137, 234.2801508468137, 234.2801508468137, 234.2801508468137, 234.2801508468137, 267.8220591394914, 267.8220591394914, 267.8220591394914, 267.8220591394914, 267.8220591394914, 267.8220591394914, 267.8220591394914, 267.8220591394914, 267.8220591394914, 267.8220591394914, 267.8220591394914, 267.8220591394914, 306.1661651763989, 306.1661651763989, 306.1661651763989, 306.1661651763989, 306.1661651763989, 306.1661651763989, 306.1661651763989, 306.1661651763989, 306.1661651763989, 306.1661651763989, 306.1661651763989, 306.1661651763989, 350.0, 350.0, 350.0, 350.0, 350.0, 350.0, 350.0, 350.0, 350.0, 350.0, 350.0, 350.0], "gm2": [2.74001e-09, 2.740642e-09, 2.741557e-09, 2.742886e-09, 2.74483e-09, 2.747696e-09, 2.751974e-09, 2.758466e-09, 2.768546e-09, 2.784676e-09, 2.811524e-09, 2.858405e-09, 2.737886e-09, 2.738372e-09, 2.739074e-09, 2.740094e-09, 2.741585e-09, 2.743788e-09, 2.747084e-09, 2.75211e-09, 2.759964e-09, 2.772649e-09, 2.794021e-09, 2.831965e-09, 2.736418e-09, 2.736755e-09, 2.737242e-09, 2.737951e-09, 2.738989e-09, 2.740529e-09, 2.742849e-09, 2.746416e-09, 2.752058e-09, 2.76131e-09, 2.777189e-09, 2.806012e-09, 2.735501e-09, 2.735696e-09, 2.73598e-09, 2.736394e-09, 2.737006e-09, 2.737924e-09, 2.739328e-09, 2.741531e-09, 2.745104e-09, 2.75114e-09, 2.761848e-09, 2.781985e-09, 2.734977e-09, 2.735046e-09, 2.735149e-09, 2.735303e-09, 2.735539e-09, 2.735911e-09, 2.736512e-09, 2.737521e-09, 2.739282e-09, 2.742496e-09, 2.748645e-09, 2.761059e-09, 2.734717e-09, 2.734683e-09, 2.734638e-09, 2.73458e-09, 2.734511e-09, 2.73444e-09, 2.734392e-09, 2.734434e-09, 2.734726e-09, 2.735643e-09, 2.738062e-09, 2.744095e-09, 2.734192e-09, 2.734083e-09, 2.733931e-09, 2.733719e-09, 2.73343e-09, 2.733037e-09, 2.732517e-09, 2.731854e-09, 2.73107e-09, 2.730291e-09, 2.729925e-09, 2.731129e-09, 2.733603e-09, 2.73345e-09, 2.733235e-09, 2.732934e-09, 2.732513e-09, 2.731928e-09, 2.731123e-09, 2.730028e-09, 2.72857e-09, 2.726705e-09, 2.724512e-09, 2.72246e-09, 2.730193e-09, 2.730042e-09, 2.729828e-09, 2.729528e-09, 2.729107e-09, 2.728518e-09, 2.727698e-09, 2.726566e-09, 2.725018e-09, 2.722935e-09, 2.717111e-09, 2.713934e-09], "omega_dm": [0.0018996, 0.0023015, 0.0030311, 0.0045179, 0.0081077, 0.019188, 0.067252, 0.3773, 2.7518, 5.5065, 7.2817, 8.8586, 0.0022635, 0.0026863, 0.0034283, 0.004868, 0.0081061, 0.017134, 0.051073, 0.23586, 1.4436, 4.2252, 5.3234, 7.7695, 0.0027368, 0.0031894, 0.00396, 0.0053917, 0.0084152, 0.016108, 0.041541, 0.15924, 0.85916, 3.1289, 4.0938, 5.3986, 0.0033086, 0.0037944, 0.0045992, 0.0060379, 0.0089113, 0.015653, 0.035514, 0.11458, 0.52885, 2.069, 3.2445, 4.0294, 0.0040623, 0.004592, 0.0054481, 0.0069257, 0.0097331, 0.01586, 0.032125, 0.088239, 0.33985, 1.3335, 2.636, 3.1647, 0.0050349, 0.0056169, 0.0065359, 0.008073, 0.010865, 0.016576, 0.030385, 0.072299, 0.23467, 0.86316, 1.889, 2.4715, 0.0062783, 0.0069173, 0.0079057, 0.0095113, 0.012311, 0.017713, 0.02974, 0.062171, 0.17128, 0.5683, 1.3812, 1.8384, 0.007861, 0.0085536, 0.0096049, 0.011268, 0.014062, 0.019172, 0.029713, 0.055252, 0.13035, 0.37808, 0.96335, 1.4476, 0.0099167, 0.010632, 0.011702, 0.013355, 0.016036, 0.020699, 0.029646, 0.049232, 0.099781, 0.24738, 0.61356, 1.0425],