{"index": [0, 1, 3, 2, 4, 5, 6, 7, 8, 9, 10, 11, 12, 13, 14, 15, 16, 17, 18, 19, 20, 21, 22, 23, 24, 25, 26, 27, 28, 29, 30, 31, 32, 33, 34, 35, 36, 37, 38, 39, 40, 41, 42, 43, 44, 45, 46, 47, 48, 49, 50, 51, 52, 53, 54, 55, 56, 57, 58, 59, 60, 61, 62, 63, 64, 65, 66, 67, 68, 69, 70, 71, 72, 73, 74, 75, 76, 77, 78, 79, 80, 81, 82, 83, 84, 85, 86, 87, 88, 89, 90, 91, 92, 93, 94, 95, 96, 97, 98, 99, 100, 101, 102, 103, 104, 105, 106, 107], "M1": [-106.51697988230704, -105.93235805371344, -103.88994251004668, -105.09352513078022, -102.16300609001888, -99.68514595192477, -96.12983795520249, -91.02857547584406, -83.70913116685561, -73.20697308164344, -58.13816187266386, -36.51697988230704, -124.71661264359668, -124.11749117435167, -123.26051433012624, -122.03470395737484, -120.28131811028936, -117.77329403323802, -114.18584362605878, -109.05439351689498, -101.71442299907493, -91.21540886927625, -76.19773305844073, -54.71661264359668, -145.87562314093066, -145.2610316147288, -144.38476364841017, -143.13540449511788, -141.35410202382832, -138.8143691648976, -135.19328678349677, -130.03044551584787, -122.6694061504228, -112.17423542362403, -97.21050501592862, -75.87562314093066, -170.45730367749056, -169.82656024179977, -168.93022296554284, -167.65645542814815, -165.8463290590922, -163.27399354593138, -159.61849738534048, -154.4237426141501, -147.04157725347213, -136.5509250835901, -121.64286253385825, -100.45730367749054, -198.9807176769771, -198.33347523982798, -197.4167114662612, -196.11819368021128, -194.27895385714552, -191.67382733281713, -187.98388754212306, -182.75740217498435, -175.3545308972997, -164.8689943838834, -150.01712517664606, -128.9807176769771, -232.00579472320567, -231.34270420760706, -230.40638854507944, -229.08426584950288, -227.21736508930428, -224.58121153102184, -220.8588360673653, -215.60266309181975, -208.18069434670107, -197.70051793131194, -182.90200537089254, -162.00579472320564, -270.0714220893646, -269.39498559937385, -268.44225595132474, -267.1003801127159, -265.2104097838519, -262.548473603758, -258.7992590691829, -253.51866303859975, -246.08118668693774, -235.6058437216431, -220.85180551673145, -200.0714220893646, -313.4522108142437, -312.77019945973296, -311.8106269609648, -310.4605330449291, -308.56098550218843, -305.8883707868158, -302.12807036994883, -296.83742404380274, -289.3936202395089, -278.9203790396602, -264.1847970557645, -243.4522108142437, -360.98366211990816, -360.3247526287117, -359.3935886796578, -358.0776775999081, -356.2180459297094, -353.59003405107705, -349.87615535944633, -344.62774113107264, -337.21073745384706, -326.729106021142, -311.9165749409138, -290.98366211990816], "M2": [100.0, 100.0, 100.0, 100.0, 100.0, 100.0, 100.0, 100.0, 100.0, 100.0, 100.0, 100.0, 116.95222955837056, 116.95222955837056, 116.95222955837056, 116.95222955837056, 116.95222955837056, 116.95222955837056, 116.95222955837056, 116.95222955837056, 116.95222955837056, 116.95222955837056, 116.95222955837056, 116.95222955837056, 136.77823998673804, 136.77823998673804, 136.77823998673804, 136.77823998673804, 136.77823998673804, 136.77823998673804, 136.77823998673804, 136.77823998673804, 136.77823998673804, 136.77823998673804, 136.77823998673804, 136.77823998673804, 159.96520121518887, 159.96520121518887, 159.96520121518887, 159.96520121518887, 159.96520121518887, 159.96520121518887, 159.96520121518887, 159.96520121518887, 159.96520121518887, 159.96520121518887, 159.96520121518887, 159.96520121518887, 187.08286933869707, 187.08286933869707, 187.08286933869707, 187.08286933869707, 187.08286933869707, 187.08286933869707, 187.08286933869707, 187.08286933869707, 187.08286933869707, 187.08286933869707, 187.08286933869707, 187.08286933869707, 218.79758681337947, 218.79758681337947, 218.79758681337947, 218.79758681337947, 218.79758681337947, 218.79758681337947, 218.79758681337947, 218.79758681337947, 218.79758681337947, 218.79758681337947, 218.79758681337947, 218.79758681337947, 255.88865599815867, 255.88865599815867, 255.88865599815867, 255.88865599815867, 255.88865599815867, 255.88865599815867, 255.88865599815867, 255.88865599815867, 255.88865599815867, 255.88865599815867, 255.88865599815867, 255.88865599815867, 299.2674883767957, 299.2674883767957, 299.2674883767957, 299.2674883767957, 299.2674883767957, 299.2674883767957, 299.2674883767957, 299.2674883767957, 299.2674883767957, 299.2674883767957, 299.2674883767957, 299.2674883767957, 350.0, 350.0, 350.0, 350.0, 350.0, 350.0, 350.0, 350.0, 350.0, 350.0, 350.0, 350.0], "gm2": [2.743754e-09, 2.744575e-09, 2.747489e-09, 2.745763e-09, 2.750011e-09, 2.753726e-09, 2.759254e-09, 2.767605e-09, 2.780483e-09, 2.80089e-09, 2.834379e-09, 2.891581e-09, 2.740187e-09, 2.740852e-09, 2.741814e-09, 2.743209e-09, 2.745247e-09, 2.748246e-09, 2.752714e-09, 2.759481e-09, 2.769959e-09, 2.786675e-09, 2.814385e-09, 2.862514e-09, 2.737602e-09, 2.738096e-09, 2.738808e-09, 2.739841e-09, 2.741348e-09, 2.743571e-09, 2.746892e-09, 2.751947e-09, 2.75983e-09, 2.772533e-09, 2.79388e-09, 2.831659e-09, 2.735977e-09, 2.736295e-09, 2.736754e-09, 2.737421e-09, 2.738397e-09, 2.739844e-09, 2.742021e-09, 2.745372e-09, 2.750675e-09, 2.75938e-09, 2.774338e-09, 2.801518e-09, 2.735096e-09, 2.73525e-09, 2.735473e-09, 2.735801e-09, 2.736286e-09, 2.737019e-09, 2.738149e-09, 2.739942e-09, 2.742887e-09, 2.747931e-09, 2.75701e-09, 2.774315e-09, 2.734854e-09, 2.734868e-09, 2.734892e-09, 2.734934e-09, 2.735008e-09, 2.735144e-09, 2.735401e-09, 2.735896e-09, 2.736877e-09, 2.738865e-09, 2.74301e-09, 2.751948e-09, 2.734583e-09, 2.734493e-09, 2.734368e-09, 2.734198e-09, 2.733968e-09, 2.733663e-09, 2.733275e-09, 2.732813e-09, 2.732338e-09, 2.732049e-09, 2.732487e-09, 2.73506e-09, 2.733401e-09, 2.733249e-09, 2.733036e-09, 2.732739e-09, 2.732326e-09, 2.731757e-09, 2.730978e-09, 2.729928e-09, 2.728549e-09, 2.72682e-09, 2.724864e-09, 2.723226e-09, 2.730645e-09, 2.730491e-09, 2.730273e-09, 2.729968e-09, 2.729542e-09, 2.728948e-09, 2.728126e-09, 2.726995e-09, 2.725454e-09, 2.723387e-09, 2.717632e-09, 2.714456e-09], "omega_dm": [0.0015664, 0.001965, 0.0044079, 0.0027281, 0.0089468, 0.025383, 0.11348, 0.81723, 6.0665, 8.1908, 7.8674, 11.731, 0.0018553, 0.0022615, 0.0030043, 0.0045342, 0.0082865, 0.020121, 0.072877, 0.42268, 2.9789, 5.7955, 7.7194, 10.358, 0.0022726, 0.0027029, 0.0034588, 0.0049281, 0.0082404, 0.017489, 0.052385, 0.24197, 1.4679, 4.2295, 5.3305, 7.7737, 0.0028378, 0.0033044, 0.0040956, 0.0055573, 0.0086199, 0.016319, 0.041305, 0.15383, 0.80345, 2.9841, 3.9182, 5.1011, 0.0035515, 0.0040607, 0.0048971, 0.0063755, 0.0092814, 0.015941, 0.034884, 0.10648, 0.46109, 1.8532, 2.9924, 3.6626, 0.0045322, 0.0050981, 0.0060018, 0.007537, 0.010389, 0.016416, 0.031668, 0.08081, 0.28319, 1.0531, 2.1196, 2.8052, 0.0058374, 0.0064689, 0.0074515, 0.0090623, 0.011909, 0.017504, 0.030288, 0.065929, 0.18979, 0.63538, 1.4407, 1.8863, 0.0075411, 0.008235, 0.00929, 0.010964, 0.013789, 0.018991, 0.029818, 0.056286, 0.13424, 0.38348, 0.92289, 1.3556, 0.0096589, 0.010362, 0.01141, 0.013023, 0.015626, 0.020124, 0.028664, 0.047006, 0.092597, 0.21621, 0.49352, 0.82753], "dd_pval": [0.5, 0.5, 0.5, 0.5, 0.5, 0.5, 0.5, 0.5, 0.49974, 0.42054, 0.30161, 0.16148, 0.5, 0.5, 0.5, 0.5, 0.5, 0.5, 0.5, 0.5, 0.5, 0.5, 0.44548, 0.27747, 0.5, 0.5, 0.5, 0.5, 0.5, 0.5, 0.5, 0.5, 0.5, 0.5, 0.5, 0.4385, 0.5, 0.5, 0.5, 0.5, 0.5, 0.5, 0.5, 0.5, 0.5, 0.5, 0.5, 0.5, 0.5, 0.5, 0.5, 0.5, 0.5, 0.5, 0.5, 0.5, 0.5, 0.5, 0.5, 0.5, 0.5, 0.5, 0.5, 0.5, 0.5, 0.5, 0.5, 0.5, 0.5, 0.5, 0.5, 0.5, 0.5, 0.5, 0.5, 0.5, 0.5, 0.5, 0.5, 0.5, 0.5, 0.5, 0.5, 0.5, 0.5, 0.5, 0.5, 0.5, 0.5, 0.5, 0.5, 0.5, 0.5, 0.5, 0.5, 0.5, 0.14852, 0.15206, 0.15716, 0.16449, 0.1751, 0.19053, 0.21319, 0.24661, 0.29592, 0.36794, 0.46936, 0.5],