{"index": [0, 2, 3, 1, 4, 5, 6, 7, 8, 9, 10, 11, 12, 13, 14, 15, 16, 17, 18, 19, 20, 21, 22, 23, 24, 25, 26, 27, 28, 29, 30, 31, 32, 33, 34, 35, 37, 36, 38, 39, 40, 41, 42, 43, 44, 45, 46, 47, 48], "M1": [-264.42801487192173, -205.36920211191617, -235.15183212624825, -284.09513555067673, -266.2695857480094, -290.8816826469114, -105.01073955905764, -136.39462493297157, -171.85618413458417, -207.83403127528643, -244.46412960131872, -276.1893973158787, -296.1014455248079, -102.67252014234963, -134.11791459918004, -169.88766617931236, -205.54644686970045, -241.6294312855217, -271.23547065351437, -291.46524390156856, -287.85325175820304, -98.33669029122524, -131.42985871315037, -167.82954587344236, -204.35133710916318, -241.09280150818694, -268.25034642539265, -279.8609995127307, -314.7670902441965, -89.49112433859166, -120.93696351987231, -156.69654568442485, -190.8901421699542, -230.30274777513293, -256.99211555683274, -249.0473300787254, -70.09153399367997, -293.67898871235775, -105.35464890895108, -142.4416051779439, -180.1279113828122, -214.28473634193475, -235.80989065213345, -236.27440702615232, -45.305141722834065, -67.182931327408, -103.33338993633835, -138.186075447194, -169.46194181779714], "M2": [263.4030109077793, 197.03919966595637, 228.05917630482978, 296.26703615074916, 267.009976606458, 309.640911768491, 100.02570437646305, 130.1812353403129, 164.20301811758847, 201.05416336436176, 240.50856207658856, 283.33366191991536, 327.1394056515426, 100.11774925375917, 129.36529102636277, 163.79768285912692, 201.5035431752801, 240.40119806601766, 279.3833106251696, 315.9280562731315, 347.5888246924731, 100.16779502464722, 130.9274540048929, 166.13282851419046, 205.31108504129907, 245.19342224039457, 284.3508193326569, 320.1486842815539, 349.39868458791915, 100.18278125234158, 130.4359828731014, 164.82151539143675, 201.49537324876704, 243.09112561716466, 285.93212649098393, 324.92555672274034, 100.20017336156363, 338.33052546770983, 133.71763564196206, 170.07438929684037, 210.16947269525986, 247.22886594708822, 282.9085501077186, 308.613469350646, 100.20489653248389, 129.52617861060102, 164.1869795649247, 198.67754246561321, 232.8431201274758], "~chi_10": [-250.881918, -197.722294, -225.267851, -265.11181, -252.329529, 268.056043, -101.948501, -132.142089, -166.044844, -200.007515, -233.594583, -259.832597, 267.488957, -99.6885989, -129.950456, -164.158817, -197.825394, -230.964478, -255.879764, -267.790082, -258.312394, -95.4979294, -127.351968, -162.164379, -196.631386, -230.311016, -252.894239, -258.494881, 262.265167, -86.9473044, -117.23329, -151.482518, -183.867428, -220.32806, -242.897203, -233.074514, -68.1891282, -264.282423, -102.185425, -137.745801, -173.493648, -205.218428, -224.013929, -223.136411, -44.2144205, -65.3323455, -100.126, -133.46154, -163.041673], "~chi_20": [251.407795, 198.712346, 225.674555, 265.916787, 253.570389, -268.495217, 104.025674, 134.484462, 167.885115, 202.351585, 235.554896, 261.647897, -268.59284, 104.119779, 133.669221, 167.494698, 202.757153, 235.474128, 259.973502, 268.223447, 262.911438, 104.171345, 135.230513, 169.743247, 206.170316, 239.072167, 262.057107, 268.103404, -270.813684, 104.187625, 134.740888, 168.483373, 202.75351, 237.515133, 262.667066, 267.832468, 104.207846, 265.461483, 138.013854, 173.526673, 210.478239, 240.574217, 261.519902, 268.071199, 104.216677, 133.840097, 167.882444, 200.220091, 229.586776], "gm2": [2.737565e-09, 2.742648e-09, 2.742595e-09, 2.728758e-09, 2.735745e-09, 2.72469e-09, 2.741115e-09, 2.739961e-09, 2.74096e-09, 2.741215e-09, 2.73937e-09, 2.732345e-09, 2.717686e-09, 2.745328e-09, 2.740831e-09, 2.740376e-09, 2.739234e-09, 2.737219e-09, 2.730886e-09, 2.721873e-09, 2.702443e-09, 2.75363e-09, 2.742066e-09, 2.738558e-09, 2.735504e-09, 2.73324e-09, 2.726054e-09, 2.712031e-09, 2.717545e-09, 2.773674e-09, 2.749184e-09, 2.736375e-09, 2.72972e-09, 2.726529e-09, 2.71724e-09, 2.689273e-09, 2.835657e-09, 2.709796e-09, 2.768031e-09, 2.73375e-09, 2.717821e-09, 2.712335e-09, 2.703771e-09, 2.689049e-09, 2.96004e-09, 2.866232e-09, 2.765273e-09, 2.718719e-09, 2.698463e-09], "omega_dm": [0.0044989, 0.0027245, 0.0031661, 0.0065923, 0.0052793, 0.0061197, 0.0014014, 0.0020626, 0.0024904, 0.0037736, 0.0047599, 0.0067569, 0.0065305, 0.00367, 0.0031412, 0.003592, 0.0063172, 0.0072876, 0.0090406, 0.0074171, 0.012853, 0.022774, 0.01176, 0.010149, 0.015581, 0.014662, 0.018436, 0.022147, 0.0057229, 0.64965, 0.24245, 0.10427, 0.095439, 0.054191, 0.067185, 0.14747, 2.6573, 0.0089556, 1.6187, 1.1512, 0.72946, 0.37008, 0.26504, 0.24547, 0.16551, 2.7925, 1.6833, 1.3054, 1.1546], "dd_pval": [4e-05, 0.31511, 0.03986, 0.0, 2e-05, 0.0, 0.5, 0.5, 0.5, 0.2771, 0.00918, 0.0, 0.0, 0.5, 0.5, 0.5, 0.28864, 0.01168, 0.0, 0.0, 0.0, 0.5, 0.5, 0.5, 0.27443, 0.00835, 0.0, 0.0, 0.0, 0.5, 0.5, 0.5, 0.38073, 0.02232, 0.0, 0.0, 0.5, 0.0, 0.5, 0.5, 0.39889, 0.04702, 0.00027, 0.0, 0.34599, 0.5, 0.5, 0.5, 0.33543], "cx": [NaN, NaN, NaN, NaN, NaN, NaN, NaN, NaN, NaN, NaN, NaN, NaN, NaN, NaN, NaN, NaN, NaN, NaN, NaN, NaN, NaN, NaN, NaN, NaN, NaN, NaN, NaN, NaN, NaN, NaN, NaN, NaN, NaN, NaN, NaN, NaN, NaN, NaN, NaN, NaN, NaN, NaN, NaN, NaN, NaN, NaN, NaN, NaN, NaN], "r": [0.198343114962, 0.781944174713, 0.249426034373, 0.139295217009, 0.171634906229, 0.116909538754, 1.40707266206, 1.5439698159, 1.30547919694, 0.74404884107, 0.222494587666, 0.1852086298, 0.117426530979, 1.18137458489, 1.46705801407, 1.27257221014, 0.620545869192, 0.202433917994, 0.14620267675, 0.104290298528, 0.087561194705, 16.6811981247, 2.45447368518, 3.16068474291, 0.693193881046, 0.173851325927, 0.143536784726, 0.141978337275, 0.122660438162, 6.81127652846, 3.78688719022, 1.75292581115, 1.33694090304, 0.274644386913, 0.0828772302176, 0.0811040449596, 4.173660477, 0.0892880238981, 3.49646031148, 1.60131291296, 0.513338125258, 0.234031288522, 0.0995719493681, 0.154242282017, 14.0763609068, 6.02251393174, 1.37369102752, 0.599835111784, 0.444922668754], "analysis": ["atlas_conf_2020_048\n", "atlas_1908_08215\n", "atlas_conf_2020_048\n", "atlas_conf_2020_048\n", "atlas_conf_2020_048\n", "atlas_1911_12606\n", "atlas_1908_08215\n", "atlas_1908_08215\n", "atlas_1908_08215\n", "atlas_1908_08215\n", "atlas_conf_2020_048\n", "atlas_conf_2020_048\n", "atlas_1911_12606\n", "atlas_1908_08215\n", "atlas_1908_08215\n", "atlas_1908_08215\n", "atlas_1908_08215\n", "atlas_conf_2020_048\n", "atlas_conf_2020_048\n", "atlas_conf_2020_048\n", "atlas_1911_12606\n", "atlas_1911_12606\n", "atlas_1911_12606\n", "atlas_1911_12606\n", "atlas_1712_08119\n", "atlas_1911_12606\n", "atlas_1911_12606\n", "atlas_1911_12606\n", "atlas_1911_12606\n", "atlas_1911_12606\n", "atlas_1911_12606\n", "atlas_1911_12606\n", "atlas_1911_12606\n", "atlas_1911_12606\n", "atlas_1911_12606\n", "atlas_1911_12606\n", "atlas_1911_12606\n", "atlas_conf_2020_048\n", "atlas_1911_12606\n", "atlas_1911_12606\n", "atlas_1911_12606\n", "atlas_1908_08215\n", "atlas_1911_12606\n", "atlas_1908_08215\n", "atlas_conf_2016_096\n", "atlas_conf_2016_096\n", "atlas_1911_12606\n", "atlas_1911_12606\n", "atlas_1908_08215\n"], "tanB": 25, "m_sleptons": 300, "sign_M1": -1.0,