{"index": [0, 1, 2, 3, 4, 5, 6, 7, 8, 9, 10, 11, 12, 13, 14, 15, 16, 17, 18, 19, 20, 21, 22, 23, 24, 25, 26, 27, 28, 29, 30, 31, 32, 33, 34, 35, 36, 37, 38, 39, 40, 41, 42, 43, 44, 45, 46, 47, 48, 49, 50, 51, 52, 53, 54, 55, 56, 57, 58, 59, 60, 61, 62, 63, 64, 65, 66, 67, 68, 69, 70, 71, 72, 73, 74, 75, 76, 77, 78, 79, 80, 81, 82, 83, 84], "M1": [-105.12360517113207, -104.59424490048686, -103.78466233370405, -102.54651892025946, -100.65295157437623, -97.75700490579132, -93.32805912495016, -86.55460540688993, -76.19555439543447, -60.3528333369273, -36.12360517113204, -137.924311345356, -137.39495107471078, -136.58536850792797, -135.34722509448338, -133.45365774860014, -130.55771108001522, -126.12876529917408, -119.35531158111385, -108.99626056965839, -93.15353951115122, -68.92431134535596, -170.03208630347427, -169.50272603282906, -168.69314346604625, -167.45500005260166, -165.56143270671842, -162.6654860381335, -158.23654025729238, -151.46308653923214, -141.10403552777666, -125.26131446926951, -101.03208630347424, -201.18414100552843, -200.65478073488322, -199.8451981681004, -198.60705475465582, -196.71348740877258, -193.81754074018767, -189.38859495934653, -182.6151412412863, -172.25609022983082, -156.41336917132367, -132.1841410055284, -230.78570057627257, -230.25634030562736, -229.44675773884455, -228.20861432539996, -226.31504697951672, -223.4191003109318, -218.99015453009068, -212.21670081203044, -201.85764980057496, -186.0149287420678, -161.78570057627255, -257.51020194114426, -257.03878353135747, -256.3451298044847, -255.3244749407469, -253.82266458420466, -251.6128731775799, -248.36134542008352, -243.5769876177705, -236.53719546843996, -226.17871569884227, -210.93705786845194, -188.51020194114423, -280.1222902616249, -279.519004656498, -278.55176553001775, -277.00100496181636, -274.5146928658207, -270.52842447245786, -264.1372977392068, -253.89049624724356, -237.46194691658587, -211.1222902616249, -301.14596510017714, -295.9310476796821, -286.4229807046246, -269.0874544991883, -237.4805601001771, -340.3156485020647, -322.8359722373953, -286.64321850206466], "M2": [100.0, 100.0, 100.0, 100.0, 100.0, 100.0, 100.0, 100.0, 100.0, 100.0, 100.0, 131.25, 131.25, 131.25, 131.25, 131.25, 131.25, 131.25, 131.25, 131.25, 131.25, 131.25, 162.5, 162.5, 162.5, 162.5, 162.5, 162.5, 162.5, 162.5, 162.5, 162.5, 162.5, 193.75, 193.75, 193.75, 193.75, 193.75, 193.75, 193.75, 193.75, 193.75, 193.75, 193.75, 225.0, 225.0, 225.0, 225.0, 225.0, 225.0, 225.0, 225.0, 225.0, 225.0, 225.0, 256.25, 256.25, 256.25, 256.25, 256.25, 256.25, 256.25, 256.25, 256.25, 256.25, 256.25, 256.25, 287.5, 287.5, 287.5, 287.5, 287.5, 287.5, 287.5, 287.5, 287.5, 287.5, 318.75, 318.75, 318.75, 318.75, 318.75, 350.0, 350.0, 350.0], "~chi_10": [-102.057672, -101.546064, -100.763757, -99.5671178, -97.7370978, -94.9380144, -90.6569057, -84.1087005, -74.0923629, -58.7704097, -35.3322844, -133.61208, -133.101838, -132.321363, -131.127648, -129.302041, -126.509573, -122.238312, -115.704372, -105.708459, -90.4143353, -67.011935, -164.307863, -163.79964, -163.022382, -161.833636, -160.015279, -157.233899, -152.978802, -146.468602, -136.506107, -121.257764, -97.9142969, -193.782002, -193.277561, -192.505898, -191.325614, -189.519981, -186.757465, -182.530347, -176.060249, -166.154131, -150.981308, -127.733103, -221.245841, -220.748372, -219.987511, -218.823281, -217.041825, -214.315206, -210.14024, -203.744294, -193.939849, -178.899851, -155.813457, -244.975407, -244.546049, -243.913872, -242.983054, -241.611809, -239.590847, -236.610348, -232.211225, -225.711162, -216.095669, -201.855601, -180.749477, -262.768789, -262.261659, -261.446808, -260.135698, -258.02235, -254.606672, -249.066857, -240.0452, -225.298692, -201.15027, 268.112582, 268.121699, -263.611235, -250.259224, -223.559866, 262.010311, 262.04779, -256.937785], "~chi_20": [103.99944, 103.999493, 103.999573, 103.999699, 103.999892, 104.000195, 104.000675, 104.001449, 104.002741, 104.005014, 104.009437, 135.551763, 135.551823, 135.551916, 135.552059, 135.552281, 135.552624, 135.553164, 135.554023, 135.555422, 135.557791, 135.56208, 166.242295, 166.242374, 166.242494, 166.24268, 166.242967, 166.243412, 166.244107, 166.245203, 166.246967, 166.249888, 166.254975, 195.705326, 195.705439, 195.705613, 195.70588, 195.706291, 195.706928, 195.707919, 195.709476, 195.711959, 195.716018, 195.722926, 223.144237, 223.144417, 223.144694, 223.145117, 223.145769, 223.146777, 223.14834, 223.150789, 223.154675, 223.160972, 223.171532, 246.809549, 246.80983, 246.810244, 246.810855, 246.811758, 246.813096, 246.815085, 246.818058, 246.822533, 246.829346, 246.839898, 246.856688, 263.201481, 263.202137, 263.203191, 263.204888, 263.20763, 263.212077, 263.219342, 263.23135, 263.251588, 263.286828, -273.80117, -270.336502, 268.138769, 268.171433, 268.236616, -278.113114, -273.375403, 262.132836], "gm2": [2.740871e-09, 2.741751e-09, 2.743124e-09, 2.745289e-09, 2.748756e-09, 2.754432e-09, 2.764026e-09, 2.780982e-09, 2.812808e-09, 2.877394e-09, 3.021331e-09, 2.739431e-09, 2.739598e-09, 2.739869e-09, 2.740321e-09, 2.741099e-09, 2.7425e-09, 2.745162e-09, 2.750539e-09, 2.762177e-09, 2.789392e-09, 2.859043e-09, 2.741011e-09, 2.740813e-09, 2.740518e-09, 2.740087e-09, 2.739474e-09, 2.738651e-09, 2.737673e-09, 2.73689e-09, 2.737575e-09, 2.743893e-09, 2.76967e-09, 2.742404e-09, 2.742042e-09, 2.741492e-09, 2.740662e-09, 2.739416e-09, 2.737568e-09, 2.734887e-09, 2.731158e-09, 2.726447e-09, 2.722082e-09, 2.724316e-09, 2.742007e-09, 2.741592e-09, 2.740959e-09, 2.739995e-09, 2.738532e-09, 2.736322e-09, 2.73301e-09, 2.728125e-09, 2.72115e-09, 2.711947e-09, 2.702653e-09, 2.73881e-09, 2.738443e-09, 2.737904e-09, 2.737112e-09, 2.735949e-09, 2.734245e-09, 2.731751e-09, 2.728118e-09, 2.722863e-09, 2.715377e-09, 2.705074e-09, 2.69216e-09, 2.733152e-09, 2.732717e-09, 2.732019e-09, 2.7309e-09, 2.729108e-09, 2.72624e-09, 2.72166e-09, 2.71439e-09, 2.703044e-09, 2.686278e-09, 2.726917e-09, 2.72353e-09, 2.71733e-09, 2.706024e-09, 2.685948e-09, 2.731791e-09, 2.721945e-09, 2.700961e-09], "omega_dm": [0.0013263, 0.0016315, 0.0022416, 0.0036727, 0.0079904, 0.027102, 0.16664, 1.3567, 2.3753, 2.4542, 4.2465, 0.0018396, 0.0021542, 0.0027369, 0.0039495, 0.0069843, 0.017099, 0.067945, 0.42844, 1.4714, 1.878, 2.7091, 0.0025106, 0.0028535, 0.003459, 0.0046301, 0.0072453, 0.014553, 0.042979, 0.20336, 0.91339, 1.3921, 1.723, 0.0032598, 0.0036303, 0.0042638, 0.0054297, 0.0078401, 0.013809, 0.033145, 0.12057, 0.55404, 1.1598, 1.3475, 0.0041654, 0.004568, 0.0052402, 0.0064333, 0.0087635, 0.014043, 0.028946, 0.084424, 0.30769, 0.73913, 1.1899, 0.0052986, 0.005686, 0.0062913, 0.0072734, 0.0089637, 0.012139, 0.018915, 0.036081, 0.088216, 0.24182, 0.48134, 0.69912, 0.0056666, 0.0061582, 0.0069755, 0.0084118, 0.011193, 0.017456, 0.034947, 0.094971, 0.25514, 0.43153, 0.004918, 0.0056426, 0.012589, 0.050969, 0.21683, 0.0054896, 0.0056029, 0.013557], "dd_pval": [0.5, 0.5, 0.5, 0.5, 0.5, 0.5, 0.5, 0.5, 0.5, 0.5, 0.26494, 0.5, 0.5, 0.5, 0.5, 0.5, 0.5, 0.5, 0.5, 0.5, 0.5, 0.5, 0.5, 0.5, 0.5, 0.5, 0.5, 0.5, 0.5, 0.5, 0.5, 0.5, 0.5, 0.36008, 0.36326, 0.36835, 0.37614, 0.38805, 0.40619, 0.43371, 0.47485, 0.5, 0.5, 0.5, 0.05855, 0.0601, 0.06254, 0.06638, 0.07254, 0.08262, 0.09958, 0.12903, 0.18156, 0.27505, 0.42662, 0.00039, 0.00042, 0.00046, 0.00053, 0.00065, 0.00088, 0.00132, 0.00231, 0.0048, 0.01204, 0.03509, 0.10765, 0.0, 0.0, 0.0, 0.0, 0.0, 0.0, 0.0, 0.0, 0.00011, 0.00381, 0.0, 0.0, 0.0, 0.0, 0.0, 0.0, 0.0, 0.0], "cx": [NaN, NaN, NaN, NaN, NaN, NaN, NaN, NaN, NaN, NaN, NaN, NaN, NaN, NaN, NaN, NaN, NaN, NaN, NaN, NaN, NaN, NaN, NaN, NaN, NaN, NaN, NaN, NaN, NaN, NaN, NaN, NaN, NaN, NaN, NaN, NaN, NaN, NaN, NaN, NaN, NaN, NaN, NaN, NaN, NaN, NaN, NaN, NaN, NaN, NaN, NaN, NaN, NaN, NaN, NaN, NaN, NaN, NaN, NaN, NaN, NaN, NaN, NaN, NaN, NaN, NaN, NaN, NaN, NaN, NaN, NaN, NaN, NaN, NaN, NaN, NaN, NaN, NaN, NaN, NaN, NaN, NaN, NaN, NaN, NaN],