{"index": [0, 1, 2, 3, 4, 5, 6, 7, 8, 9, 10, 11, 12, 13, 14, 15, 16, 17], "M1": [123.93004295310213, 174.88697858353737, 227.48061320211823, 117.15328666417572, 179.48229927881695, 229.37578525144312, 282.5946379580691, 107.94291438063507, 158.3973686330499, 212.0894120368792, 273.2797120141424, 328.2615128759737, 88.72020783245007, 92.65468192154921, 152.43660106473007, 210.50576430280495, 254.59043959575763, 323.17617363903025], "M2": [120.24351723289796, 165.08584907298953, 216.05253677172666, 120.26030635110064, 175.5704658251669, 228.91304646991, 270.5459466515568, 120.24881844638344, 175.43822951484293, 232.58858978554983, 288.82790325873856, 323.6709003858267, 120.23565913008441, 153.0627065380964, 209.630746865375, 266.8498367165788, 315.5328154751263, 349.8813641274346], "gm2": [2.743959e-09, 2.743042e-09, 2.738405e-09, 2.740304e-09, 2.739306e-09, 2.736044e-09, 2.73412e-09, 2.734879e-09, 2.732987e-09, 2.73312e-09, 2.735402e-09, 2.734469e-09, 2.721828e-09, 2.706998e-09, 2.718417e-09, 2.73157e-09, 2.736426e-09, 2.736361e-09], "omega_dm": [0.0061408, 0.0030851, 0.0050091, 0.062244, 0.01349, 0.034949, 0.0072801, 1.1796, 1.3122, 0.8573, 0.20742, 0.014482, 11.782, 11.197, 5.2626, 2.089, 1.0359, 0.094591], "dd_pval": [0.00193, 0.0, 0.0, 0.04031, 0.00152, 7e-05, 0.0, 0.10082, 0.08386, 0.01108, 0.0, 0.0, 0.16897, 0.21719, 0.11632, 0.00998, 1e-05, 0.0], "cx": [NaN, NaN, NaN, NaN, NaN, NaN, NaN, NaN, NaN, NaN, NaN, NaN, NaN, NaN, NaN, NaN, NaN, NaN], "r": [0.771033146902, 0.746385057556, 0.347056043098, 0.480874436093, 0.432734163148, 0.255128119853, 0.186209335968, 0.250941394171, 0.159199762373, 0.15531986063, 0.158876900357, 0.145366500315, 0.289969498725, 0.209192054969, 0.145881134956, 0.157969060912, 0.167250765688, 0.134400424537], "analysis": ["atlas_conf_2019_040\n", "atlas_conf_2019_040\n", "atlas_conf_2019_040\n", "atlas_2004_10894\n", "atlas_conf_2019_040\n", "atlas_conf_2019_040\n", "atlas_1908_08215\n", "atlas_2004_10894\n", "atlas_1712_08119\n", "atlas_1803_02762\n", "atlas_1908_08215\n", "atlas_1908_08215\n", "atlas_1712_08119\n", "atlas_1911_12606\n", "atlas_1803_02762\n", "atlas_1908_08215\n", "atlas_1908_08215\n", "atlas_1908_08215\n"], "~chi_10": [120.620344, 169.736435, 220.237262, 114.182918, 174.786661, 223.047688, 271.567808, 105.257885, 154.53008, 206.59258, 264.777024, 311.688482, 86.5222924, 90.4048646, 148.7054, 204.900678, 246.736009, 308.152364], "~chi_20": [127.326591, 174.532182, 226.878566, 127.161418, 184.71151, 238.63778, 281.704178, 127.07564, 184.24864, 241.882297, 296.118387, 330.851958, 127.012929, 161.146, 218.840317, 274.98518, 318.810869, 346.582123], "tanB": 50, "m_sleptons": 600, "sign_M1": 1.0, "mu": [587.033348800479, 598.6546307465206, 573.5645218078042, 587.0433673902195, 596.440955441653, 563.603978821289, 524.5056310500852, 587.0365121996758, 596.4688752275156, 560.7572481664845, 504.9523789098098, 466.4065662302448, 587.0286596257839, 599.7760553276262, 578.538237151421, 528.3472798346814, 475.7055919260922, 436.45704143322394]}