{"index": [0, 1, 2, 3, 4, 5, 6, 8, 7, 10, 9, 11, 12, 13, 14, 15, 16, 17, 18, 19, 20, 21, 22, 23, 24, 25, 26, 27, 28, 29, 30, 31, 32, 33, 34, 35, 36, 37, 38, 39, 40, 41, 42, 43, 44, 45, 46, 47, 48, 49, 50, 51, 52, 53, 54, 55, 56, 57, 58, 59, 60, 61, 62, 63, 64, 65, 66, 67, 68, 69, 70, 71, 72, 73, 74, 75, 76, 77, 78, 79, 80, 81, 82, 83, 84, 85, 86, 87, 88, 89, 90, 91, 92, 93, 94], "M1": [127.63230505156707, 126.36558576060386, 124.72346391360055, 122.59468591231577, 119.83502725055205, 116.25752131764072, 111.61979242843235, 97.81372561514564, 105.60763489378513, 74.61201744975982, 87.71002798353881, 57.63230505156709, 145.95476246823253, 144.62768764218313, 142.91829530507064, 140.71644345405065, 137.88025923315394, 134.22699757927052, 129.5212663318429, 123.45985910975743, 115.65221868574596, 105.5952720465983, 92.64101567592664, 75.95476246823254, 166.76422766997058, 165.35299844544204, 163.55061632590167, 161.24866477304596, 158.30867724529233, 154.55380818533138, 149.7581954405982, 143.63337424704994, 135.8109255528477, 125.82031494728697, 113.06058916654507, 96.76422766997055, 190.36888870861105, 188.66658267602497, 186.46586816154678, 183.62081898617762, 179.94278407659834, 175.18787828684913, 169.04081072897847, 161.09397829278447, 150.82043807634642, 137.5389665685216, 120.36888870861108, 217.08604549732644, 215.19955045445184, 212.79976554654885, 209.7470315221733, 205.86368973062773, 200.9237429977809, 194.63970336560317, 186.64586127896544, 176.4770025437514, 163.5413344562384, 147.08604549732644, 247.19472773500314, 245.0396481250926, 242.35599439412786, 239.01412372048716, 234.85259592333546, 229.67037455759973, 223.21711517966926, 215.18107162618523, 205.1740360784831, 192.71258539239798, 177.19472773500317, 281.0016473705565, 278.1192732162774, 274.5567702613183, 270.15365441834183, 264.71157356345213, 257.98537214442786, 249.67204738214792, 239.39709956276457, 226.6976615268448, 211.0016473705565, 317.19039963882113, 313.06186098288333, 308.0770882422569, 302.0585036178993, 294.7917007433513, 286.01780666137256, 275.4242597204738, 262.63367486265946, 247.19039963882116, 349.57011412059546, 341.947007954623, 333.0359410167658, 322.6193060857943, 310.4427301446841, 296.20886262103886, 279.57011412059546], "M2": [119.99999999999996, 119.99999999999996, 119.99999999999996, 119.99999999999996, 119.99999999999996, 119.99999999999996, 119.99999999999996, 119.99999999999996, 119.99999999999996, 119.99999999999996, 119.99999999999996, 119.99999999999996, 137.18040978107922, 137.18040978107922, 137.18040978107922, 137.18040978107922, 137.18040978107922, 137.18040978107922, 137.18040978107922, 137.18040978107922, 137.18040978107922, 137.18040978107922, 137.18040978107922, 137.18040978107922, 156.8205402308735, 156.8205402308735, 156.8205402308735, 156.8205402308735, 156.8205402308735, 156.8205402308735, 156.8205402308735, 156.8205402308735, 156.8205402308735, 156.8205402308735, 156.8205402308735, 156.8205402308735, 179.2725497580121, 179.2725497580121, 179.2725497580121, 179.2725497580121, 179.2725497580121, 179.2725497580121, 179.2725497580121, 179.2725497580121, 179.2725497580121, 179.2725497580121, 179.2725497580121, 204.93901531919204, 204.93901531919204, 204.93901531919204, 204.93901531919204, 204.93901531919204, 204.93901531919204, 204.93901531919204, 204.93901531919204, 204.93901531919204, 204.93901531919204, 204.93901531919204, 234.2801508468137, 234.2801508468137, 234.2801508468137, 234.2801508468137, 234.2801508468137, 234.2801508468137, 234.2801508468137, 234.2801508468137, 234.2801508468137, 234.2801508468137, 234.2801508468137, 267.8220591394914, 267.8220591394914, 267.8220591394914, 267.8220591394914, 267.8220591394914, 267.8220591394914, 267.8220591394914, 267.8220591394914, 267.8220591394914, 267.8220591394914, 306.1661651763989, 306.1661651763989, 306.1661651763989, 306.1661651763989, 306.1661651763989, 306.1661651763989, 306.1661651763989, 306.1661651763989, 306.1661651763989, 350.0, 350.0, 350.0, 350.0, 350.0, 350.0, 350.0], "gm2": [2.7457e-09, 2.745062e-09, 2.744222e-09, 2.743109e-09, 2.741629e-09, 2.739643e-09, 2.736956e-09, 2.728165e-09, 2.733276e-09, 2.710524e-09, 2.720942e-09, 2.695156e-09, 2.743821e-09, 2.743269e-09, 2.742544e-09, 2.741588e-09, 2.740319e-09, 2.738621e-09, 2.736326e-09, 2.733185e-09, 2.72882e-09, 2.722644e-09, 2.713712e-09, 2.700479e-09, 2.741425e-09, 2.740972e-09, 2.740382e-09, 2.739606e-09, 2.73858e-09, 2.73721e-09, 2.735362e-09, 2.732835e-09, 2.729324e-09, 2.724351e-09, 2.71715e-09, 2.706453e-09, 2.739215e-09, 2.738839e-09, 2.738338e-09, 2.737662e-09, 2.736743e-09, 2.735475e-09, 2.733699e-09, 2.731163e-09, 2.727457e-09, 2.7219e-09, 2.713311e-09, 2.736843e-09, 2.736611e-09, 2.736302e-09, 2.735884e-09, 2.735312e-09, 2.734516e-09, 2.733388e-09, 2.731759e-09, 2.72935e-09, 2.725699e-09, 2.720009e-09, 2.735281e-09, 2.735194e-09, 2.735071e-09, 2.734896e-09, 2.734644e-09, 2.734274e-09, 2.733723e-09, 2.73289e-09, 2.731608e-09, 2.729601e-09, 2.726399e-09, 2.73383e-09, 2.733899e-09, 2.733968e-09, 2.734027e-09, 2.734059e-09, 2.734033e-09, 2.733896e-09, 2.733551e-09, 2.732833e-09, 2.731452e-09, 2.732949e-09, 2.733214e-09, 2.733515e-09, 2.733847e-09, 2.734201e-09, 2.734555e-09, 2.734867e-09, 2.735057e-09, 2.734981e-09, 2.734404e-09, 2.735e-09, 2.73566e-09, 2.736374e-09, 2.737123e-09, 2.737864e-09, 2.738521e-09], "omega_dm": [0.0017371, 0.0025735, 0.0043495, 0.0087897, 0.022524, 0.077389, 0.36284, 8.6202, 2.0592, 15.617, 12.03, 3.955, 0.0020711, 0.0029666, 0.0047672, 0.0089416, 0.020626, 0.061844, 0.248, 1.2431, 5.5461, 8.8989, 11.175, 15.361, 0.0025151, 0.0035078, 0.0054156, 0.0095636, 0.020208, 0.053777, 0.1864, 0.81169, 3.495, 6.6499, 8.183, 10.463, 0.0030727, 0.0043518, 0.0069029, 0.012732, 0.028793, 0.084622, 0.33006, 1.493, 4.5672, 6.0286, 7.4722, 0.0038379, 0.0053445, 0.0082544, 0.014554, 0.030554, 0.079917, 0.26376, 0.98039, 2.9894, 4.6935, 5.5303, 0.0049003, 0.0067455, 0.010228, 0.017441, 0.03449, 0.081669, 0.23195, 0.71203, 1.7481, 2.6716, 3.7075, 0.0062857, 0.0089136, 0.014191, 0.025846, 0.055175, 0.13952, 0.39173, 0.9694, 1.6346, 2.0737, 0.0088863, 0.013126, 0.022157, 0.043108, 0.096118, 0.23151, 0.51402, 0.88586, 1.2, 0.015135, 0.024864, 0.047305, 0.098466, 0.19994, 0.35378, 0.53618], "dd_pval": [0.0, 1e-05, 0.00052, 0.0049, 0.01925, 0.04499, 0.07756, 0.14304, 0.11147, 0.19218, 0.17056, 0.20875, 0.0, 1e-05, 0.00035, 0.00386, 0.01671, 0.04151, 0.07444, 0.10998, 0.14418, 0.1749, 0.20114, 0.22143, 0.0, 0.0, 0.00012, 0.00191, 0.01041, 0.0299, 0.05892, 0.09278, 0.12234, 0.13185, 0.1574, 0.21562, 0.0, 0.0, 3e-05, 0.00094, 0.00696, 0.02335, 0.05003, 0.08292, 0.11653, 0.12123, 0.14056, 0.0, 0.0, 0.0, 7e-05, 0.00116, 0.00651, 0.01943, 0.04018, 0.06685, 0.09728, 0.11736, 0.0, 0.0, 0.0, 0.0, 3e-05, 0.00042, 0.00254, 0.0085, 0.01982, 0.03695, 0.05974, 0.0, 0.0, 0.0, 0.0, 0.0, 0.0, 9e-05, 0.00076, 0.00326, 0.0095, 0.0, 0.0, 0.0, 0.0, 0.0, 0.0, 0.0, 0.0, 5e-05, 0.0, 0.0, 0.0, 0.0, 0.0, 0.0, 0.0], "cx": [NaN, NaN, NaN, NaN, NaN, NaN, NaN, NaN, NaN, NaN, NaN, NaN, NaN, NaN, NaN, NaN, NaN, NaN, NaN, NaN, NaN, NaN, NaN, NaN, NaN, NaN, NaN, NaN, NaN, NaN, NaN, NaN, NaN, NaN, NaN, NaN, NaN, NaN, NaN, NaN, NaN, NaN, NaN, NaN, NaN, NaN, NaN, NaN, NaN, NaN, NaN, NaN, NaN, NaN, NaN, NaN, NaN, NaN, NaN, NaN, NaN, NaN, NaN, NaN, NaN, NaN, NaN, NaN, NaN, NaN, NaN, NaN, NaN, NaN, NaN, NaN, NaN, NaN, NaN, NaN, NaN, NaN, NaN, NaN, NaN, NaN, NaN, NaN, NaN, NaN, NaN, NaN, NaN, NaN, NaN], "r": [NaN, NaN, NaN, NaN, NaN, NaN, NaN, NaN, NaN, NaN, NaN, NaN, NaN, NaN, NaN, NaN, NaN, NaN, NaN, NaN, NaN, NaN, NaN, NaN, NaN, NaN, NaN, NaN, NaN, NaN, NaN, NaN, NaN, NaN, NaN, NaN, NaN, NaN, NaN, NaN, NaN, NaN, NaN, NaN, NaN, NaN, NaN, NaN, NaN, NaN, NaN, NaN, NaN, NaN, NaN, NaN, NaN, NaN, NaN, NaN, NaN, NaN, NaN, NaN, NaN, NaN, NaN, NaN, NaN, NaN, NaN, NaN, NaN, NaN, NaN, NaN, NaN, NaN, NaN, NaN, NaN, NaN, NaN, NaN, NaN, NaN, NaN, NaN, NaN, NaN, NaN, NaN, NaN, NaN, NaN],