{"index": [0, 1, 2, 3, 4, 5, 6, 7, 8, 9, 10, 11, 12, 13, 14, 15, 16, 17, 18, 19, 20, 21, 22, 23, 24, 25, 26, 27, 28, 29, 30, 31, 32, 33, 34, 35, 36, 37, 38, 40, 41, 42, 43, 44, 45, 46, 47, 48, 49], "M1": [108.31371334303253, 145.98214737868264, 184.9605267861216, 221.8609018092976, 252.9872065630992, 106.80948866344573, 141.2486813743753, 180.0945484875863, 218.5675996794291, 273.72245934430924, 293.3191931143633, 103.88455185082954, 139.03256648489307, 176.66371423549734, 214.4047232673657, 253.12668137023283, 291.9448459562814, 328.30949152617615, 100.54216492541275, 134.98830425963834, 172.82769527601198, 210.0856547433806, 249.50714946951368, 285.6005412273522, 325.0228566683278, 358.9629266628576, 93.00784367598015, 121.98349371024996, 162.9730105627971, 201.23681406354652, 241.3270594995423, 280.1503924089894, 319.6169326370842, 357.68322478092136, 79.50507369230448, 104.97191230361088, 146.7206983796241, 185.6324939371552, 226.74702132916372, 306.40552662550954, 341.1055232119283, 63.969515117325656, 73.98976070294152, 112.6557023122544, 151.83448401850998, 190.9246690210022, 229.8927447743108, 268.96699055962927, 309.1377703733787], "M2": [100.16539033804032, 133.90122516476336, 170.19064301048454, 204.9977027587998, 234.70301089733536, 100.24993147010815, 130.52029934427918, 166.6217566841809, 203.1744628437265, 254.70140176236742, 273.7382066620981, 100.2731590845259, 130.7549701971403, 165.64928801703226, 201.74932949672706, 237.97866565394193, 275.65522668021237, 308.38037149631606, 100.28526902169669, 133.01379151457593, 166.46797632806505, 202.81457111219927, 239.7529443504623, 276.0495237276693, 311.5135057357162, 341.1878554217827, 100.2993744340966, 131.38629189061848, 166.81540502409968, 204.1156222557977, 242.18492920185432, 281.32302623667607, 318.4681679388454, 349.6216909444023, 100.30314811907236, 134.14327992593135, 169.66145953083299, 206.91319860537567, 245.55815148646263, 325.2414658077568, 349.4611943637403, 100.30526003626049, 130.94730022696712, 166.50425512350964, 202.84457868034858, 239.12219727640016, 275.44603634285755, 311.67685924631695, 347.8893020199476], "~chi_10": [105.645358, 180.449882, 180.449882, 216.347782, 246.299785, 104.201494, 137.877668, 175.767921, 213.241077, 265.893103, 284.346747, 101.359946, 135.742196, 172.462306, 209.242538, 246.641822, 283.543144, 316.662397, 98.10163, 131.806427, 168.737353, 205.052663, 243.191828, 277.707595, 314.614889, 344.160244, 90.7473003, 119.107041, 159.124563, 196.426539, 235.245233, 272.458769, 309.750468, 344.083669, 77.5594952, 102.485635, 143.254745, 181.19305, 221.028622, 297.09997, 329.348006, 62.3829567, 72.2095872, 109.979918, 148.214333, 186.184446, 223.801295, 261.266857, 299.20592], "~chi_20": [107.853166, 181.939627, 181.939627, 218.199738, 248.691143, 107.918113, 140.167793, 178.135346, 216.225696, 268.951948, 288.192936, 107.927502, 140.387846, 177.072654, 214.701178, 251.746155, 289.51854, 322.749884, 107.933794, 142.757615, 177.908961, 215.768869, 253.431489, 289.574249, 324.512865, 354.171041, 107.943163, 141.035581, 178.261594, 217.092976, 255.818078, 294.6091, 330.488708, 360.01263, 107.943826, 143.939552, 181.236727, 219.961892, 259.15957, 336.564599, 358.723884, 107.944748, 140.566589, 177.928285, 215.773424, 252.715188, 288.743248, 323.74073, 356.832981], "gm2": [2.79281e-09, 2.884601e-09, 2.884601e-09, 2.799973e-09, 2.722372e-09, 2.785434e-09, 2.884848e-09, 2.888534e-09, 2.806182e-09, 2.717098e-09, 2.709091e-09, 2.770742e-09, 2.877934e-09, 2.887255e-09, 2.811249e-09, 2.720574e-09, 2.711931e-09, 2.710963e-09, 2.753108e-09, 2.861824e-09, 2.88105e-09, 2.808612e-09, 2.722773e-09, 2.717653e-09, 2.717466e-09, 2.719988e-09, 2.709854e-09, 2.814444e-09, 2.866062e-09, 2.804373e-09, 2.728022e-09, 2.727576e-09, 2.731571e-09, 2.7324e-09, 2.619202e-09, 2.725685e-09, 2.826051e-09, 2.790358e-09, 2.736181e-09, 2.745236e-09, 2.744024e-09, 2.491653e-09, 2.503517e-09, 2.70976e-09, 2.757065e-09, 2.737461e-09, 2.752685e-09, 2.759116e-09, 2.764033e-09], "omega_dm": [0.0013893, 0.0022114, 0.0022114, 0.0031962, 0.0041322, 0.0025666, 0.001954, 0.0027464, 0.0041234, 0.0047498, 0.0054526, 0.0083299, 0.0040423, 0.0047321, 0.0067442, 0.0072629, 0.0088209, 0.0069986, 0.033672, 0.028939, 0.014259, 0.019059, 0.017398, 0.022184, 0.01518, 0.010062, 0.67594, 0.8228, 0.1707, 0.14151, 0.099378, 0.098904, 0.065014, 0.025812, 5.5362, 3.8022, 2.5685, 1.7759, 1.1032, 0.50695, 0.13266, 2.4457, 6.1522, 3.4862, 2.5538, 2.1395, 1.8692, 1.5289, 0.91549], "dd_pval": [0.437, 0.31673, 0.31673, 0.22132, 0.02474, 0.5, 0.5, 0.5, 0.4724, 0.00017, 0.0, 0.5, 0.5, 0.5, 0.5, 0.23578, 0.00097, 0.0, 0.5, 0.5, 0.5, 0.5, 0.4243, 0.04993, 0.0, 0.0, 0.5, 0.5, 0.5, 0.5, 0.5, 0.11256, 0.00029, 0.0, 0.5, 0.5, 0.5, 0.5, 0.5, 0.00381, 0.0, 0.5, 0.5, 0.5, 0.5, 0.5, 0.31778, 0.06174, 0.00027], "cx": [NaN, NaN, NaN, NaN, NaN, NaN, NaN, NaN, NaN, NaN, NaN, NaN, NaN, NaN, NaN, NaN, NaN, NaN, NaN, NaN, NaN, NaN, NaN, NaN, NaN, NaN, NaN, NaN, NaN, NaN, NaN, NaN, NaN, NaN, NaN, NaN, NaN, NaN, NaN, NaN, NaN, NaN, NaN, NaN, NaN, NaN, NaN, NaN, NaN], "r": [1.3860460827, 0.998015469213, 1.0067119898, 0.834580515206, 0.52276755699, 5.02200698422, 1.31264172959, 0.993106114382, 0.881841420374, 0.404367459613, 0.316030591407, 56.1317842048, 3.19600442044, 1.76850027969, 2.20308358305, 0.577607833644, 0.623713767138, 0.0785526656229, 39.7275750811, 18.0326492872, 8.87682143825, 6.30698514261, 3.41733072397, 1.50956653729, 0.428674839563, 0.0902250728929, 10.3019361818, 4.45347008008, 3.03786249207, 2.82975513921, 1.71876924015, 0.835316656798, 0.507238749883, 0.210538955015, 9.75530401866, 6.22619004601, 3.68436652634, 2.50054244739, 1.15484486873, 0.445744160953, 0.994537780742, 10.9170614931, 12.7263640487, 7.70724051815, 5.04282388262, 2.42855457828, 1.01389495574, 0.669463191645, 0.455680289898], "analysis": ["atlas_1911_12606\n", "atlas_1908_08215\n", "atlas_1908_08215\n", "atlas_1908_08215\n", "atlas_1908_08215\n", "atlas_1911_12606\n", "atlas_1911_12606\n", "atlas_1908_08215\n", "atlas_1908_08215\n", "atlas_1908_08215\n", "atlas_1908_08215\n", "atlas_1911_12606\n", "atlas_1911_12606\n", "atlas_1911_12606\n", "atlas_1911_12606\n", "atlas_1908_08215\n", "atlas_1911_12606\n", "atlas_conf_2020_048\n", "atlas_1911_12606\n", "atlas_1911_12606\n", "atlas_1911_12606\n", "atlas_1911_12606\n", "atlas_1911_12606\n", "atlas_1911_12606\n", "atlas_1712_08119\n", "atlas_1712_08119\n", "atlas_1911_12606\n", "atlas_1911_12606\n", "atlas_1911_12606\n", "atlas_1911_12606\n", "atlas_1911_12606\n", "atlas_1911_12606\n", "atlas_1911_12606\n", "atlas_1911_12606\n", "atlas_1911_12606\n", "atlas_1911_12606\n", "atlas_1911_12606\n", "atlas_1911_12606\n", "atlas_1911_12606\n", "atlas_1911_12606\n", "atlas_1911_12606\n", "atlas_conf_2016_096\n", "atlas_1803_02762\n", "atlas_1803_02762\n", "atlas_1803_02762\n", "atlas_1803_02762\n", "atlas_1803_02762\n", "atlas_1911_12606\n", "atlas_1911_12606\n"], "tanB": 40, "m_sleptons": 400, "sign_M1": 1.0, "mu": [1286.7035725808742, 1443.2453669144188, 1390.8861706329292, 1293.32162476369, 1085.7852780757485, 1287.1405633880122, 1443.6072697846548, 1394.4913721990154, 1305.2789225903348, 928.4119470751599, 838.0025625759487, 1287.2606262937718, 1444.8202770261623, 1395.47373623116, 1314.6253304502516, 1060.008169120625, 829.427923595341, 707.5654560800151, 1287.323222228901, 1444.6290251412136, 1394.6467173487379, 1307.6391893789464, 1046.0458383271507, 827.6642723026498, 697.2296011726044, 614.6760207891322, 1287.396132721094, 1447.1665706166623, 1394.2957533884075, 1299.1065459878662, 1026.907820694154, 804.076422540631, 674.2869584483785, 592.6192053249611, 1287.415638795866, 1442.8679628554737, 1391.4207388245595, 1280.7592877207958, 1000.3629236213374, 784.3531154499533, 656.3802456454272, 593.0389483295286, 1287.426555238243, 1445.8144257075817, 1394.6100693980343, 1307.442391674789, 1051.0093760804598, 830.3636110707454, 696.6907164472213, 597.149882110913]}