{"index": [0, 1, 2, 3, 4, 5, 6, 7, 8, 9, 10, 11, 12, 13, 14, 15, 16, 17, 18, 19, 20, 21, 22, 23, 24, 25, 26, 27, 28, 29, 30, 31, 32, 33, 34, 35, 36, 37, 38, 39, 40, 41, 42, 43, 44, 45, 46, 47, 48, 49, 50, 51, 52, 53, 54, 55, 56, 57, 58, 59, 60, 61, 62, 63, 64, 65, 66, 67, 68, 69, 70, 71, 72, 73, 74, 75, 76, 77, 78, 79, 80, 81, 82, 83, 84, 85, 86], "M1": [108.98428675002755, 108.51286834024073, 107.81921461336799, 106.79855974963019, 105.29674939308795, 103.08695798646319, 99.83543022896681, 95.05107242665379, 88.01128027732324, 77.65280050772557, 62.41114267733524, 39.98428675002752, 142.96610345716977, 142.49468504738294, 141.8010313205102, 140.78037645677242, 139.27856610023017, 137.0687746936054, 133.81724693610903, 129.032889133796, 121.99309698446545, 111.63461721486777, 96.39295938447745, 73.96610345716974, 176.77170895172847, 176.30029054194165, 175.6066368150689, 174.58598195133112, 173.08417159478887, 170.8743801881641, 167.62285243066773, 162.8384946283547, 155.79870247902417, 145.44022270942648, 130.19856487903616, 107.77170895172844, 210.3731168350363, 209.89099880761304, 209.1836217673049, 208.14573840951084, 206.62292694828977, 204.38861542473384, 201.11037113026816, 196.30043950663628, 189.24317343800584, 178.88855548070615, 163.69597070368917, 141.40498583503629, 243.40560486989773, 242.5853848338724, 241.33365221764097, 239.4233909783152, 236.50815336674233, 232.05922766120437, 225.26975024268364, 214.908371638581, 199.09593719632227, 174.9646808698977, 275.82871554825925, 274.4528301741594, 272.39208603900937, 269.3055888129352, 264.6827610857705, 257.7588811566043, 247.3885805304732, 231.85637370763138, 208.59287754825922, 307.8587704684557, 305.7270498256728, 302.56139967195696, 297.860342368952, 290.8791730378447, 280.51198921338016, 265.1165023898009, 242.25387946845566, 339.1578600014697, 335.903809391605, 331.11702965586306, 324.07557179744873, 313.717433025864, 298.4803839702913, 276.0663510014697, 369.1925170949566, 362.6988087267694, 352.41282254015937, 336.11989624407613, 310.31202109495655], "M2": [100.0, 100.0, 100.0, 100.0, 100.0, 100.0, 100.0, 100.0, 100.0, 100.0, 100.0, 100.0, 131.25, 131.25, 131.25, 131.25, 131.25, 131.25, 131.25, 131.25, 131.25, 131.25, 131.25, 131.25, 162.5, 162.5, 162.5, 162.5, 162.5, 162.5, 162.5, 162.5, 162.5, 162.5, 162.5, 162.5, 193.75, 193.75, 193.75, 193.75, 193.75, 193.75, 193.75, 193.75, 193.75, 193.75, 193.75, 193.75, 225.0, 225.0, 225.0, 225.0, 225.0, 225.0, 225.0, 225.0, 225.0, 225.0, 256.25, 256.25, 256.25, 256.25, 256.25, 256.25, 256.25, 256.25, 256.25, 287.5, 287.5, 287.5, 287.5, 287.5, 287.5, 287.5, 287.5, 318.75, 318.75, 318.75, 318.75, 318.75, 318.75, 318.75, 350.0, 350.0, 350.0, 350.0, 350.0], "~chi_10": [106.26437, 105.827462, 105.169456, 104.187786, 102.73205, 100.581733, 97.4112473, 92.7416259, 85.8673108, 75.7496963, 60.8601138, 38.94886, 139.520995, 139.082861, 138.423832, 137.441335, 135.984994, 133.833913, 130.662658, 125.992143, 119.116456, 108.996726, 94.1037703, 72.1867892, 172.462763, 172.039835, 171.393426, 170.420614, 168.971487, 166.825878, 163.659168, 158.992601, 152.121102, 142.00619, 127.119153, 105.209346, 205.179796, 204.765286, 204.121305, 203.143598, 201.682722, 199.519706, 196.332139, 191.645266, 184.761589, 174.655988, 159.82349, 138.05463, 237.041292, 236.3788, 235.261001, 233.46717, 230.668976, 226.359246, 219.75702, 209.664115, 194.248162, 170.709121, 267.7285, 266.723204, 264.960302, 262.110553, 257.706467, 251.027215, 240.97144, 225.874961, 203.235467, 297.66895, 296.215231, 293.589944, 289.304217, 282.694202, 272.731568, 257.845013, 235.672585, 326.191659, 324.091864, 320.23567, 313.904772, 304.17172, 289.602674, 268.007812, 352.13247, 348.03122, 339.581975, 324.694854, 300.265043], "~chi_20": [107.712266, 107.688715, 107.669122, 107.653872, 107.642544, 107.63439, 107.628636, 107.624628, 107.62186, 107.61996, 107.618659, 107.617771, 140.978247, 140.955855, 140.937181, 140.922608, 140.911756, 140.903926, 140.898394, 140.894535, 140.891869, 140.890036, 140.888782, 140.887928, 173.878883, 173.841491, 173.810501, 173.786686, 173.769268, 173.756908, 173.74829, 173.74234, 173.738258, 173.735469, 173.733568, 173.732273, 206.610778, 206.554761, 206.508319, 206.47302, 206.447593, 206.429802, 206.41753, 206.409123, 206.403381, 206.399468, 206.396803, 206.394988, 238.885376, 238.74835, 238.645987, 238.577595, 238.533826, 238.506027, 238.488295, 238.47691, 238.469561, 238.464799, 270.658747, 270.325921, 270.084607, 269.932237, 269.839421, 269.782304, 269.746448, 269.72354, 269.708712, 302.169261, 301.556033, 301.111651, 300.837942, 300.675543, 300.577385, 300.516375, 300.47756, 333.167086, 332.127248, 331.36352, 330.895404, 330.620575, 330.455722, 330.353594, 363.27904, 361.170926, 359.770998, 359.027436, 358.636766], "gm2": [2.796192e-09, 2.793959e-09, 2.790642e-09, 2.785692e-09, 2.778256e-09, 2.766985e-09, 2.749664e-09, 2.722532e-09, 2.678873e-09, 2.605977e-09, 2.478169e-09, 2.240323e-09, 2.889181e-09, 2.887829e-09, 2.885815e-09, 2.882797e-09, 2.878235e-09, 2.871259e-09, 2.860407e-09, 2.843121e-09, 2.814672e-09, 2.765762e-09, 2.676728e-09, 2.502577e-09, 2.894235e-09, 2.893727e-09, 2.892964e-09, 2.891805e-09, 2.89002e-09, 2.88722e-09, 2.882712e-09, 2.875206e-09, 2.86216e-09, 2.838249e-09, 2.791542e-09, 2.693119e-09, 2.836448e-09, 2.836475e-09, 2.836502e-09, 2.836517e-09, 2.836486e-09, 2.836325e-09, 2.83583e-09, 2.834523e-09, 2.83128e-09, 2.823397e-09, 2.804179e-09, 2.75615e-09, 2.740967e-09, 2.741519e-09, 2.742343e-09, 2.743555e-09, 2.745297e-09, 2.747695e-09, 2.75071e-09, 2.753662e-09, 2.753745e-09, 2.741172e-09, 2.718685e-09, 2.719847e-09, 2.721563e-09, 2.724077e-09, 2.727706e-09, 2.732819e-09, 2.739666e-09, 2.747802e-09, 2.754041e-09, 2.713607e-09, 2.715449e-09, 2.718156e-09, 2.722112e-09, 2.727829e-09, 2.735929e-09, 2.746922e-09, 2.760317e-09, 2.716449e-09, 2.71908e-09, 2.722924e-09, 2.728515e-09, 2.736573e-09, 2.747974e-09, 2.763405e-09, 2.724677e-09, 2.729361e-09, 2.736751e-09, 2.74832e-09, 2.766033e-09], "omega_dm": [0.00099802, 0.0011988, 0.0015646, 0.002317, 0.0041786, 0.010264, 0.04005, 0.28357, 2.8582, 5.7331, 2.2264, 12.557, 0.0014912, 0.0017203, 0.0021117, 0.0028436, 0.0044137, 0.0085581, 0.02346, 0.10599, 0.79542, 3.5175, 4.2425, 6.155, 0.0020187, 0.0022751, 0.0026946, 0.0034323, 0.0048805, 0.0082325, 0.018171, 0.060337, 0.33602, 1.88, 2.9629, 3.6791, 0.0026375, 0.0029321, 0.0034011, 0.0041924, 0.0056573, 0.008771, 0.0169, 0.045603, 0.19633, 1.1173, 2.4101, 2.7259, 0.0034506, 0.0040247, 0.0050256, 0.0069565, 0.011362, 0.02438, 0.081034, 0.46374, 1.8884, 2.2819, 0.0044227, 0.0054938, 0.0075075, 0.01183, 0.023493, 0.06765, 0.3198, 1.4493, 2.0034, 0.0055976, 0.0074214, 0.011247, 0.020744, 0.052504, 0.20939, 1.0129, 1.7739, 0.0070605, 0.010108, 0.01749, 0.039648, 0.13406, 0.61832, 1.4295, 0.0090335, 0.016303, 0.045321, 0.21776, 0.89857], "dd_pval": [0.263, 0.37258, 0.47607, 0.5, 0.5, 0.5, 0.5, 0.5, 0.5, 0.5, 0.5, 0.5, 0.44235, 0.5, 0.5, 0.5, 0.5, 0.5, 0.5, 0.5, 0.5, 0.5, 0.5, 0.5, 0.31347, 0.43829, 0.5, 0.5, 0.5, 0.5, 0.5, 0.5, 0.5, 0.5, 0.5, 0.5, 0.21096, 0.34009, 0.47867, 0.5, 0.5, 0.5, 0.5, 0.5, 0.5, 0.5, 0.5, 0.5, 0.02777, 0.10904, 0.26747, 0.42901, 0.5, 0.5, 0.5, 0.5, 0.5, 0.5, 2e-05, 0.00102, 0.02164, 0.10308, 0.21586, 0.31277, 0.38333, 0.43229, 0.46537, 0.0, 0.0, 0.00018, 0.00744, 0.04169, 0.09815, 0.15792, 0.21208, 0.0, 0.0, 0.0, 3e-05, 0.00158, 0.01106, 0.0335, 0.0, 0.0, 0.0, 0.0, 0.00016], "cx": [NaN, NaN, NaN, NaN, NaN, NaN, NaN, NaN, NaN, NaN, NaN, NaN, NaN, NaN, NaN, NaN, NaN, NaN, NaN, NaN, NaN, NaN, NaN, NaN, NaN, NaN, NaN, NaN, NaN, NaN, NaN, NaN, NaN, NaN, NaN, NaN, NaN, NaN, NaN, NaN, NaN, NaN, NaN, NaN, NaN, NaN, NaN, NaN, NaN, NaN, NaN, NaN, NaN, NaN, NaN, NaN, NaN, NaN, NaN, NaN, NaN, NaN, NaN, NaN, NaN, NaN, NaN, NaN, NaN, NaN, NaN, NaN, NaN, NaN, NaN, NaN, NaN, NaN, NaN, NaN, NaN, NaN, NaN, NaN, NaN, NaN, NaN],