{"index": [0, 1, 2, 3, 4, 5, 6, 7, 8, 9, 10, 11, 12, 13, 14, 15, 16, 17, 18, 19, 20, 21, 22, 23, 24, 25, 26, 27, 28, 29, 30, 31, 32, 33, 34, 35, 36, 37, 38, 39, 40, 41, 42, 43, 44, 45, 46, 47], "M1": [-147.48320690587275, -190.41601015377557, -221.5104508653324, -264.54161948913617, -306.1638538266496, -347.03602397390284, -106.93387371045753, -134.1001092571732, -180.07045128853716, -234.36525525671695, -283.42062845101503, -329.9246794234946, -369.7071554119241, -103.99332880611446, -143.28156574210965, -186.15878140871482, -231.6620597681939, -278.87827862620327, -325.8050130164255, -367.212066203781, -101.0016004871187, -138.83271853995782, -181.79995262919292, -227.92359567684946, -274.8148730670085, -320.72786762967326, -362.9360327121671, -93.95742813297069, -131.35214598372156, -173.70364708835126, -218.99111312011155, -264.83169939607126, -309.9687903851941, -355.47966814673924, -85.67222184835546, -108.18478628336877, -152.41846784331233, -199.73440361250007, -247.6372384807151, -296.6611250055992, -342.4865693406065, -66.75830657047435, -69.49744868163829, -111.79440066431569, -154.2545970656424, -196.45709251018297, -248.68038080881047, -301.0422097417613], "M2": [136.9505240450434, 177.04698885481906, 206.33580185343462, 247.21393009644592, 287.1330144920209, 326.7082882209995, 100.6040434219268, 125.29689683504321, 168.59657127447667, 219.76279750576757, 266.51508099874593, 311.3566086496193, 349.827014514005, 100.26349719557285, 135.99192256785304, 176.7384721026836, 219.6695334125416, 264.6819223520878, 309.9268356784905, 349.7075938563047, 100.2921913757347, 136.73429231130916, 177.4147041167355, 220.9607063455572, 265.7006711750552, 310.009933190251, 349.63563623972294, 100.30927269279854, 139.07963042413937, 179.28004889082345, 221.9543167394084, 265.95491240501303, 309.7435059999414, 349.6140195370353, 100.33964630355209, 135.88145147136024, 177.1392195925429, 221.63955833129313, 268.6563886930159, 317.6430804368616, 349.6179236224906, 100.34726504360177, 128.1106094633757, 167.57444021060562, 207.5409587812592, 247.63711196034734, 297.75115722724274, 347.9793366144463], "~chi_10": [-144.337561, -186.292991, -216.646455, -258.591342, -299.073092, -338.698758, -104.673096, -131.249173, -176.187295, -229.183257, -276.962692, -322.122776, -360.594549, -101.797244, -140.229327, -182.132374, -226.543515, -272.537494, -318.119007, -358.173892, -98.8715081, -135.878838, -177.871562, -222.890628, -268.571694, -313.176569, -354.023808, -91.9824777, -128.563268, -169.956375, -214.165021, -258.832669, -302.701905, -346.784458, -83.8794748, -105.906728, -149.149821, -195.354373, -242.049717, -289.713264, -334.163013, -65.3805676, -68.065674, -109.431339, -150.923626, -192.117657, -243.000844, -293.865636], "~chi_20": [146.368746, 188.25575, 218.588897, 260.550811, 301.074234, 340.711116, 108.007585, 134.108893, 179.465168, 232.421448, 280.204219, 325.407787, 363.548346, 107.646717, 145.362563, 187.935146, 232.325503, 278.342457, 323.977574, 363.431195, 107.677167, 146.1419, 188.637977, 233.653567, 279.377345, 324.060822, 363.360622, 107.695364, 148.603015, 190.576181, 234.675339, 279.635643, 323.794461, 363.339619, 107.727572, 145.247006, 188.351953, 234.352006, 282.378259, 331.687475, 363.343807, 107.735971, 137.075504, 178.401446, 219.833009, 260.983866, 311.767837, 361.73544], "gm2": [2.731071e-09, 2.727731e-09, 2.725557e-09, 2.724504e-09, 2.723781e-09, 2.723255e-09, 2.736239e-09, 2.736963e-09, 2.727833e-09, 2.724974e-09, 2.724223e-09, 2.723443e-09, 2.722426e-09, 2.740143e-09, 2.734339e-09, 2.730339e-09, 2.72572e-09, 2.724237e-09, 2.72311e-09, 2.721911e-09, 2.745542e-09, 2.741052e-09, 2.733847e-09, 2.726979e-09, 2.724389e-09, 2.722435e-09, 2.72102e-09, 2.75868e-09, 2.754536e-09, 2.741165e-09, 2.730127e-09, 2.725009e-09, 2.721315e-09, 2.719514e-09, 2.775276e-09, 2.784939e-09, 2.759612e-09, 2.738747e-09, 2.72719e-09, 2.718883e-09, 2.717125e-09, 2.817652e-09, 2.856065e-09, 2.806044e-09, 2.770106e-09, 2.744373e-09, 2.724287e-09, 2.71245e-09], "omega_dm": [0.0019555, 0.002763, 0.0034849, 0.0046978, 0.0060926, 0.0076083, 0.0022508, 0.002256, 0.003511, 0.0049033, 0.0065063, 0.008314, 0.0095538, 0.0062489, 0.0047674, 0.0064926, 0.0077051, 0.0094083, 0.01143, 0.012387, 0.021964, 0.022418, 0.020043, 0.018775, 0.019541, 0.021186, 0.019205, 0.41101, 0.42382, 0.19819, 0.11304, 0.087252, 0.075692, 0.041451, 13.132, 11.922, 5.8747, 2.0854, 1.1558, 0.73465, 0.15799, 25.691, 24.414, 11.495, 7.1258, 4.552, 2.9359, 1.7291], "dd_pval": [0.5, 0.5, 0.5, 0.5, 0.5, 0.5, 0.47637, 0.5, 0.5, 0.5, 0.5, 0.5, 0.5, 0.46091, 0.5, 0.5, 0.5, 0.5, 0.5, 0.5, 0.44496, 0.5, 0.5, 0.5, 0.5, 0.5, 0.5, 0.40606, 0.5, 0.5, 0.5, 0.5, 0.5, 0.5, 0.35826, 0.49202, 0.5, 0.5, 0.5, 0.5, 0.5, 0.24549, 0.2734, 0.5, 0.5, 0.5, 0.5, 0.5], "cx": [NaN, NaN, NaN, NaN, NaN, NaN, NaN, NaN, NaN, NaN, NaN, NaN, NaN, NaN, NaN, NaN, NaN, NaN, NaN, NaN, NaN, NaN, NaN, NaN, NaN, NaN, NaN, NaN, NaN, NaN, NaN, NaN, NaN, NaN, NaN, NaN, NaN, NaN, NaN, NaN, NaN, NaN, NaN, NaN, NaN, NaN, NaN, NaN], "r": [0.664408520653, 0.439684617524, 0.331653264789, 0.202721402574, 0.14771970207, 0.213700648229, 0.67045687466, 0.651615110372, 0.425610648988, 0.254059864061, 0.161693643926, 0.217390355485, 0.201479532693, 7.17630360246, 0.828747394265, 0.285844977236, 0.201128420671, 0.142249512877, 0.199473668077, 0.19139929103, 9.65388876958, 4.98135685195, 1.26156235553, 0.977074228913, 0.268925771547, 0.13936673967, 0.167546778046, 4.90309069909, 3.12932483321, 1.90153711562, 0.816003803336, 0.372452922589, 0.100976596788, 0.184613539177, 4.84561341914, 1.87852342272, 1.08579351679, 0.57510643263, 0.249657461646, 0.120514612238, 0.121041775875, 3.03056559599, 3.78087703341, 1.56671478258, 0.6683462037, 0.355759727523, 0.160013304566, 0.0902520303618], "analysis": ["atlas_conf_2020_048\n", "atlas_conf_2020_048\n", "atlas_conf_2020_048\n", "atlas_conf_2020_048\n", "atlas_conf_2020_048\n", "atlas_1908_08215\n", "atlas_conf_2020_048\n", "atlas_conf_2020_048\n", "atlas_conf_2020_048\n", "atlas_conf_2020_048\n", "atlas_conf_2020_048\n", "atlas_1908_08215\n", "atlas_1908_08215\n", "atlas_1911_12606\n", "atlas_1712_08119\n", "atlas_conf_2020_048\n", "atlas_conf_2020_048\n", "atlas_conf_2020_048\n", "atlas_1908_08215\n", "atlas_1908_08215\n", "atlas_1911_12606\n", "atlas_1911_12606\n", "atlas_1712_08119\n", "atlas_1911_12606\n", "atlas_1712_08119\n", "atlas_1712_08119\n", "atlas_1908_08215\n", "atlas_1911_12606\n", "atlas_1911_12606\n", "atlas_1911_12606\n", "atlas_1911_12606\n", "atlas_1911_12606\n", "atlas_1911_12606\n", "atlas_1908_08215\n", "atlas_1911_12606\n", "atlas_1911_12606\n", "atlas_1911_12606\n", "atlas_1911_12606\n", "atlas_1911_12606\n", "atlas_1911_12606\n", "atlas_1803_02762\n", "atlas_1911_12606\n", "atlas_conf_2016_096\n", "atlas_conf_2016_096\n", "atlas_1911_12606\n", "atlas_1911_12606\n", "atlas_1911_12606\n", "atlas_1803_02762\n"], "tanB": 75, "m_sleptons": 600, "sign_M1": -1.0, "mu": [845.7779512247072, 834.3161620279647, 817.5553765104784, 788.099243256606, 756.2957079825896, 723.6218672820097, 831.7337373733162, 843.8076536670776, 838.5255526429006, 808.5506920523362, 772.9280466369972, 736.3123498025456, 704.4803376595873, 831.5672225294314, 845.9361152707775, 834.4698428974178, 808.6132387122533, 774.4068425322511, 737.4922488103032, 704.5792139570066, 831.5812529504443, 845.8136282883358, 834.1329927161805, 807.7473261027799, 773.5850251841207, 737.4236738171727, 704.6387924490006, 831.589605099504, 845.4266602164578, 833.2038120323843, 807.080970925298, 773.3799306125454, 737.6435389173206, 704.656690353478, 831.604456701611, 845.9543424027096, 834.2702193040587, 807.2920606000855, 771.2006691213988, 731.1245318944987, 704.6534579017224, 831.6081819911951, 845.1834578392734, 839.0347048672241, 816.7471497009526, 787.7765471203006, 747.5400474563083, 706.0101529616436]}