{"index": [0, 2, 1, 3, 4, 5, 6, 7, 8, 9, 10, 11, 12, 13, 14, 15, 16, 17, 18, 19, 20, 21, 22, 23, 24, 25, 26, 27, 28, 29, 30, 31, 32, 33, 34, 35, 36, 37, 38, 39, 40, 41, 42, 43, 44, 45, 46, 47, 48, 49, 50, 51, 52, 53, 54, 55, 56, 57, 58, 59, 60, 61, 62, 63, 64, 65, 66, 67, 68, 69, 70, 71, 72, 73, 74, 75, 76, 77, 78, 79, 80, 81, 82, 83, 84, 85, 86, 87, 88, 89, 90, 91, 92, 93, 94, 95, 96, 97, 98, 99, 100, 101], "M1": [-107.68158819208445, -106.51651605542489, -107.21016978229763, -105.49586119168708, -103.99405083514485, -101.78425942852009, -98.53273167102371, -93.74837386871069, -86.70858171938013, -76.35010194978247, -61.10844411939214, -38.68158819208442, -141.42719868208954, -140.95578027230272, -140.26212654542996, -139.2414716816922, -137.73966132514994, -135.52986991852518, -132.2783421610288, -127.49398435871578, -120.45419220938523, -110.09571243978755, -94.85405460939722, -72.42719868208951, -174.90977676794776, -174.43835835816094, -173.7447046312882, -172.7240497675504, -171.22223941100816, -169.0124480043834, -165.76092024688703, -160.976562444574, -153.93677029524346, -143.57829052564577, -128.33663269525545, -105.90977676794773, -208.15846866708762, -207.6291083964424, -206.8195258296596, -205.581382416215, -203.68781507033177, -200.79186840174685, -196.36292262090572, -189.58946890284548, -179.23041789139, -163.38769683288285, -139.1584686670876, -241.18774162150635, -240.65838135086113, -239.84879878407833, -238.61065537063374, -236.7170880247505, -233.82114135616558, -229.39219557532445, -222.6187418572642, -212.25969084580873, -196.41696978730158, -172.18774162150632, -273.9985941866117, -273.46923391596647, -272.65965134918366, -271.42150793573904, -269.52794058985586, -266.6319939212709, -262.20304814042976, -255.42959442236955, -245.07054341091407, -229.22782235240692, -204.99859418661165, -306.57934431118383, -306.0499840405386, -305.2404014737558, -304.0022580603112, -302.108690714428, -299.21274404584307, -294.7837982650019, -288.01034454694167, -277.6512935354862, -261.80857247697907, -237.5793443111838, -338.8997753108228, -338.3704150401776, -337.5608324733948, -336.32268905995016, -334.429121714067, -331.53317504548204, -327.1042292646409, -320.33077554658064, -309.9717245351252, -294.12900347661804, -269.89977531082275, -370.9022617994816, -370.3729015288364, -369.5633189620536, -368.32517554860897, -366.4316082027258, -363.53566153414084, -359.1067157532997, -352.33326203523944, -341.974211023784, -326.13148996527684, -301.9022617994816], "M2": [100.0, 100.0, 100.0, 100.0, 100.0, 100.0, 100.0, 100.0, 100.0, 100.0, 100.0, 100.0, 131.25, 131.25, 131.25, 131.25, 131.25, 131.25, 131.25, 131.25, 131.25, 131.25, 131.25, 131.25, 162.5, 162.5, 162.5, 162.5, 162.5, 162.5, 162.5, 162.5, 162.5, 162.5, 162.5, 162.5, 193.75, 193.75, 193.75, 193.75, 193.75, 193.75, 193.75, 193.75, 193.75, 193.75, 193.75, 225.0, 225.0, 225.0, 225.0, 225.0, 225.0, 225.0, 225.0, 225.0, 225.0, 225.0, 256.25, 256.25, 256.25, 256.25, 256.25, 256.25, 256.25, 256.25, 256.25, 256.25, 256.25, 287.5, 287.5, 287.5, 287.5, 287.5, 287.5, 287.5, 287.5, 287.5, 287.5, 287.5, 318.75, 318.75, 318.75, 318.75, 318.75, 318.75, 318.75, 318.75, 318.75, 318.75, 318.75, 350.0, 350.0, 350.0, 350.0, 350.0, 350.0, 350.0, 350.0, 350.0, 350.0, 350.0], "~chi_10": [-105.404079, -104.943083, -104.943083, -103.266609, -101.797935, -99.6368584, -96.4569403, -91.7779237, -84.8929639, -74.7619625, -59.8543874, -37.9180941, -138.416873, -137.955911, -137.27757, -136.27956, -134.810989, -132.650057, -129.470309, -124.791615, -117.906966, -107.776276, -92.8688894, -70.932186, -171.146779, -170.685959, -170.007823, -169.010018, -167.541888, -165.381596, -162.202871, -157.525499, -150.642718, -140.514604, -125.610603, -103.678251, -203.617647, -203.100381, -202.30933, -201.099584, -199.249316, -196.419611, -192.091678, -185.472454, -175.348282, -159.862992, -136.176515, -235.837467, -235.320649, -234.530132, -233.321198, -231.472162, -228.64422, -224.319178, -217.704008, -207.586012, -192.109412, -168.434812, -267.798521, -267.282074, -266.492371, -265.284429, -263.437046, -260.611697, -256.290302, -249.680794, -239.57084, -224.105881, -200.447452, -299.476665, -298.960948, -298.17211, -296.965729, -295.120567, -292.298471, -287.982196, -281.380036, -271.28105, -255.83158, -232.194355, -330.823578, -330.308635, -329.521125, -328.31676, -326.474652, -323.657256, -319.347767, -312.755881, -302.671582, -287.243053, -263.634481, -361.753157, -361.239464, -360.453856, -359.252378, -357.414638, -354.603812, -350.304116, -343.726643, -333.663148, -318.263803, -294.694522], "~chi_20": [107.367378, 107.367383, 107.367383, 107.367399, 107.367414, 107.367435, 107.367467, 107.367518, 107.367595, 107.367718, 107.367925, 107.368303, 140.382036, 140.38204, 140.382045, 140.382054, 140.382067, 140.382087, 140.382116, 140.382159, 140.382226, 140.382331, 140.382499, 140.382785, 173.113175, 173.113179, 173.113185, 173.113194, 173.113207, 173.113227, 173.113257, 173.113301, 173.113367, 173.113471, 173.113632, 173.113899, 205.584948, 205.584954, 205.584963, 205.584973, 205.584991, 205.585019, 205.585064, 205.585133, 205.585241, 205.585419, 205.585715, 237.805384, 237.80539, 237.805399, 237.805413, 237.805434, 237.805467, 237.805517, 237.805595, 237.80572, 237.805918, 237.806245, 269.766609, 269.766617, 269.766628, 269.766645, 269.766669, 269.766709, 269.766768, 269.766863, 269.767007, 269.767238, 269.767617, 301.444516, 301.444525, 301.444537, 301.444557, 301.444588, 301.444635, 301.444709, 301.444822, 301.445, 301.44528, 301.445736, 332.790478, 332.790488, 332.790505, 332.790531, 332.790569, 332.790628, 332.79072, 332.790863, 332.791086, 332.791439, 332.792004, 363.718136, 363.718151, 363.718174, 363.718205, 363.718256, 363.718335, 363.718454, 363.718639, 363.718929, 363.719386, 363.720118], "gm2": [2.7329e-09, 2.733696e-09, 2.733696e-09, 2.736624e-09, 2.739228e-09, 2.743128e-09, 2.749015e-09, 2.758006e-09, 2.771962e-09, 2.794124e-09, 2.830389e-09, 2.891902e-09, 2.727406e-09, 2.727983e-09, 2.728837e-09, 2.730107e-09, 2.732e-09, 2.734843e-09, 2.739152e-09, 2.745769e-09, 2.756126e-09, 2.772767e-09, 2.800479e-09, 2.848812e-09, 2.724757e-09, 2.725138e-09, 2.725703e-09, 2.726545e-09, 2.727803e-09, 2.7297e-09, 2.732591e-09, 2.737064e-09, 2.744139e-09, 2.755673e-09, 2.77526e-09, 2.810343e-09, 2.723876e-09, 2.724129e-09, 2.72452e-09, 2.725129e-09, 2.726084e-09, 2.727605e-09, 2.73007e-09, 2.73418e-09, 2.741305e-09, 2.754326e-09, 2.77984e-09, 2.723631e-09, 2.723752e-09, 2.723939e-09, 2.724234e-09, 2.724704e-09, 2.725465e-09, 2.726735e-09, 2.72893e-09, 2.732918e-09, 2.740621e-09, 2.756665e-09, 2.723785e-09, 2.723809e-09, 2.723849e-09, 2.723916e-09, 2.724031e-09, 2.724239e-09, 2.724635e-09, 2.725427e-09, 2.727102e-09, 2.730851e-09, 2.739763e-09, 2.723763e-09, 2.72372e-09, 2.723656e-09, 2.723562e-09, 2.723429e-09, 2.723247e-09, 2.723025e-09, 2.722821e-09, 2.722845e-09, 2.723747e-09, 2.727456e-09, 2.723442e-09, 2.723353e-09, 2.723219e-09, 2.723017e-09, 2.722715e-09, 2.72227e-09, 2.721628e-09, 2.720742e-09, 2.719627e-09, 2.718541e-09, 2.718563e-09, 2.722646e-09, 2.722529e-09, 2.722351e-09, 2.72208e-09, 2.72167e-09, 2.721055e-09, 2.720141e-09, 2.718811e-09, 2.716944e-09, 2.714524e-09, 2.712018e-09],