{"index": [0, 1, 2, 3, 4, 5, 6, 7, 8, 9, 10, 11, 12, 13, 14, 15, 16, 17, 18, 19, 20, 21, 22, 23, 24, 25, 26, 27, 28, 29, 30, 31, 32, 33, 34, 35, 36, 37, 38, 39, 40, 41, 42, 43, 44, 45, 46, 47, 48, 49, 50, 51, 52, 53, 54, 55, 56, 57, 58, 59, 60, 61, 62, 63, 64, 65, 66, 67, 68, 69, 70, 71, 72, 73, 74, 75, 76, 77, 78, 79, 80, 81, 82, 83, 84, 85, 86, 87, 88, 89, 90, 91, 92, 93, 94, 95, 96, 97, 98, 99, 100, 101], "M1": [-107.5177559123225, -107.04633750253568, -106.35268377566294, -105.33202891192514, -103.8302185553829, -101.62042714875814, -98.36889939126176, -93.58454158894874, -86.54474943961819, -76.18626967002052, -60.94461183963019, -38.51775591232247, -141.23586405456317, -140.76444564477634, -140.0707919179036, -139.05013705416582, -137.54832669762357, -135.3385352909988, -132.08700753350243, -127.3026497311894, -120.26285758185885, -109.90437781226117, -94.66271998187085, -72.23586405456314, -174.679064858985, -174.20764644919817, -173.5139927223254, -172.49333785858764, -170.9915275020454, -168.78173609542063, -165.53020833792425, -160.74585053561123, -153.7060583862807, -143.347578616683, -128.10592078629267, -105.67906485898496, -207.87451332261085, -207.34515305196564, -206.53557048518283, -205.29742707173824, -203.403859725855, -200.5079130572701, -196.07896727642895, -189.30551355836872, -178.94646254691324, -163.1037414884061, -138.87451332261082, -240.8315746758565, -240.3022144052113, -239.49263183842848, -238.2544884249839, -236.36092107910065, -233.46497441051574, -229.0360286296746, -222.26257491161437, -211.9035239001589, -196.06080284165174, -171.83157467585647, -273.5434833148784, -273.0141230442332, -272.2045404774504, -270.9663970640058, -269.0728297181226, -266.17688304953765, -261.7479372686965, -254.97448355063628, -244.6154325391808, -228.77271148067365, -204.5434833148784, -305.9841176430033, -305.4547573723581, -304.64517480557527, -303.40703139213065, -301.51346404624746, -298.6175173776625, -294.18857159682136, -287.4151178787611, -277.0560668673057, -261.2133458087985, -236.98411764300326, -338.1035522643065, -337.57419199366126, -336.76460942687845, -335.52646601343383, -333.63289866755065, -330.7369519989657, -326.30800621812455, -319.5345525000643, -309.17550148860886, -293.3327804301017, -269.1035522643065, -369.78540789288184, -369.2560476222366, -368.4464650554538, -367.2083216420092, -365.314754296126, -362.41880762754107, -357.9898618466999, -351.21640812863967, -340.8573571171842, -325.01463605867707, -300.78540789288184], "M2": [100.0, 100.0, 100.0, 100.0, 100.0, 100.0, 100.0, 100.0, 100.0, 100.0, 100.0, 100.0, 131.25, 131.25, 131.25, 131.25, 131.25, 131.25, 131.25, 131.25, 131.25, 131.25, 131.25, 131.25, 162.5, 162.5, 162.5, 162.5, 162.5, 162.5, 162.5, 162.5, 162.5, 162.5, 162.5, 162.5, 193.75, 193.75, 193.75, 193.75, 193.75, 193.75, 193.75, 193.75, 193.75, 193.75, 193.75, 225.0, 225.0, 225.0, 225.0, 225.0, 225.0, 225.0, 225.0, 225.0, 225.0, 225.0, 256.25, 256.25, 256.25, 256.25, 256.25, 256.25, 256.25, 256.25, 256.25, 256.25, 256.25, 287.5, 287.5, 287.5, 287.5, 287.5, 287.5, 287.5, 287.5, 287.5, 287.5, 287.5, 318.75, 318.75, 318.75, 318.75, 318.75, 318.75, 318.75, 318.75, 318.75, 318.75, 318.75, 350.0, 350.0, 350.0, 350.0, 350.0, 350.0, 350.0, 350.0, 350.0, 350.0, 350.0], "~chi_10": [-105.200482, -104.739639, -104.061714, -103.064076, -101.596197, -99.4362872, -96.2581487, -91.5816365, -84.7003351, -74.5746643, -59.6748396, -37.7498098, -138.172481, -137.711668, -137.033788, -136.036214, -134.568426, -132.408642, -129.230673, -124.554337, -117.673364, -107.547865, -92.6479515, -70.7220361, -170.845948, -170.385295, -169.707647, -168.710414, -167.243123, -165.084062, -161.907134, -157.232383, -150.353408, -140.230794, -125.334684, -103.413578, -203.241447, -202.724619, -201.934088, -200.725036, -198.876072, -196.048099, -191.723033, -185.10788, -174.990033, -159.513851, -135.840814, -235.359941, -234.843437, -234.053547, -232.845568, -230.997986, -228.172344, -223.850528, -217.240439, -207.129743, -191.663983, -168.005094, -267.18245, -266.666527, -265.877526, -264.670896, -262.82536, -260.002805, -255.685613, -249.082376, -238.98167, -223.530122, -199.890708, -298.665175, -298.150165, -297.362404, -296.157563, -294.31498, -291.496631, -287.185972, -280.592149, -270.505356, -255.07326, -231.46047, -329.73239, -329.218455, -328.43248, -327.230447, -325.391868, -322.579784, -318.278224, -311.698033, -301.63068, -286.226087, -262.650179, -360.216862, -359.704734, -358.921603, -357.723641, -355.89145, -353.088705, -348.801253, -342.241459, -332.203517, -316.839424, -293.317194], "~chi_20": [107.162828, 107.162834, 107.162843, 107.162856, 107.162875, 107.162903, 107.162947, 107.163014, 107.163117, 107.163282, 107.163558, 107.164065, 140.136616, 140.136622, 140.13663, 140.136642, 140.136659, 140.136685, 140.136722, 140.136781, 140.136868, 140.137006, 140.13723, 140.137609, 172.811331, 172.811337, 172.811344, 172.811356, 172.811373, 172.8114, 172.811438, 172.811496, 172.811584, 172.81172, 172.811935, 172.812287, 205.207667, 205.207674, 205.207684, 205.2077, 205.207724, 205.207762, 205.207821, 205.207911, 205.208056, 205.208291, 205.208683, 237.326517, 237.326526, 237.326537, 237.326555, 237.326583, 237.326627, 237.326695, 237.3268, 237.326965, 237.32723, 237.32767, 269.148838, 269.148848, 269.148863, 269.148884, 269.148918, 269.148972, 269.149052, 269.149178, 269.149375, 269.149691, 269.150206, 300.6309, 300.630913, 300.630931, 300.630958, 300.631, 300.631067, 300.631167, 300.631325, 300.63157, 300.63196, 300.632592, 331.69627, 331.696284, 331.696308, 331.696345, 331.6964, 331.696484, 331.696615, 331.696818, 331.697136, 331.697636, 331.698444, 362.177454, 362.177474, 362.177507, 362.177555, 362.17763, 362.177747, 362.177923, 362.1782, 362.178628, 362.179307, 362.180394], "gm2": [2.738116e-09, 2.738779e-09, 2.739759e-09, 2.741214e-09, 2.743381e-09, 2.746626e-09, 2.751525e-09, 2.75901e-09, 2.770634e-09, 2.789101e-09, 2.81934e-09, 2.87067e-09, 2.732075e-09, 2.732555e-09, 2.733267e-09, 2.734325e-09, 2.735904e-09, 2.738274e-09, 2.741868e-09, 2.747389e-09, 2.756036e-09, 2.769939e-09, 2.793116e-09, 2.833585e-09, 2.729054e-09, 2.729371e-09, 2.729841e-09, 2.730539e-09, 2.731585e-09, 2.733161e-09, 2.735564e-09, 2.739286e-09, 2.745178e-09, 2.754795e-09, 2.77115e-09, 2.800496e-09, 2.727698e-09, 2.727906e-09, 2.728228e-09, 2.728729e-09, 2.729516e-09, 2.730768e-09, 2.732801e-09, 2.736197e-09, 2.742096e-09, 2.752907e-09, 2.774156e-09, 2.727062e-09, 2.727159e-09, 2.727309e-09, 2.727546e-09, 2.727923e-09, 2.728537e-09, 2.729564e-09, 2.731347e-09, 2.734603e-09, 2.740928e-09, 2.754181e-09, 2.726711e-09, 2.726727e-09, 2.726754e-09, 2.726799e-09, 2.72688e-09, 2.727031e-09, 2.727325e-09, 2.727932e-09, 2.729247e-09, 2.732251e-09, 2.739502e-09, 2.726254e-09, 2.726214e-09, 2.726155e-09, 2.726068e-09, 2.725942e-09, 2.725769e-09, 2.725551e-09, 2.725329e-09, 2.725269e-09, 2.725897e-09, 2.728797e-09, 2.724461e-09, 2.724384e-09, 2.724267e-09, 2.724091e-09, 2.723828e-09, 2.723439e-09, 2.722876e-09, 2.722095e-09, 2.721099e-09, 2.720087e-09, 2.719933e-09, 2.724365e-09, 2.724265e-09, 2.724113e-09, 2.723883e-09, 2.723534e-09, 2.723009e-09, 2.72223e-09, 2.721092e-09, 2.719489e-09, 2.717396e-09, 2.715177e-09],